1,12:00,12:30,이당관,101,월요일
2,12:30,13:00,이당관,101,월요일
3,13:00,13:30,이당관,101,월요일
4,13:30,14:00,이당관,101,월요일
5,14:00,14:30,이당관,101,월요일
6,14:30,15:00,이당관,101,월요일
7,15:00,15:30,이당관,101,월요일
8,15:30,16:00,이당관,101,월요일
9,16:00,16:30,이당관,101,월요일
10,16:30,17:00,이당관,101,월요일
11,17:00,17:30,이당관,101,월요일
12,17:30,18:00,이당관,101,월요일
13,18:00,18:30,이당관,101,월요일
14,18:30,19:00,이당관,101,월요일
15,19:00,19:30,이당관,101,월요일
16,19:30,20:00,이당관,101,월요일
17,20:00,20:30,이당관,101,월요일
18,20:30,21:00,이당관,101,월요일
19,21:00,21:30,이당관,101,월요일
20,21:30,22:00,이당관,101,월요일
21,12:00,12:30,이당관,101,화요일
22,12:30,13:00,이당관,101,화요일
23,13:00,13:30,이당관,101,화요일
24,13:30,14:00,이당관,101,화요일
25,14:00,14:30,이당관,101,화요일
26,14:30,15:00,이당관,101,화요일
27,15:00,15:30,이당관,101,화요일
28,15:30,16:00,이당관,101,화요일
29,19:00,19:30,이당관,101,화요일
30,19:30,20:00,이당관,101,화요일
31,20:00,20:30,이당관,101,화요일
32,20:30,21:00,이당관,101,화요일
33,21:00,21:30,이당관,101,화요일
34,21:30,22:00,이당관,101,화요일
35,9:00,9:30,이당관,101,수요일
36,9:30,10:00,이당관,101,수요일
37,10:00,10:30,이당관,101,수요일
38,10:30,11:00,이당관,101,수요일
39,11:00,11:30,이당관,101,수요일
40,11:30,12:00,이당관,101,수요일
41,12:00,12:30,이당관,101,수요일
42,12:30,13:00,이당관,101,수요일
43,16:00,16:30,이당관,101,수요일
44,16:30,17:00,이당관,101,수요일
45,17:00,17:30,이당관,101,수요일
46,17:30,18:00,이당관,101,수요일
47,18:00,18:30,이당관,101,수요일
48,18:30,19:00,이당관,101,수요일
49,19:00,19:30,이당관,101,수요일
50,19:30,20:00,이당관,101,수요일
51,20:00,20:30,이당관,101,수요일
52,20:30,21:00,이당관,101,수요일
53,21:00,21:30,이당관,101,수요일
54,21:30,22:00,이당관,101,수요일
55,12:00,12:30,이당관,101,목요일
56,12:30,13:00,이당관,101,목요일
57,19:00,19:30,이당관,101,목요일
58,19:30,20:00,이당관,101,목요일
59,20:00,20:30,이당관,101,목요일
60,20:30,21:00,이당관,101,목요일
61,21:00,21:30,이당관,101,목요일
62,21:30,22:00,이당관,101,목요일
63,9:00,9:30,이당관,101,금요일
64,9:30,10:00,이당관,101,금요일
65,10:00,10:30,이당관,101,금요일
66,10:30,11:00,이당관,101,금요일
67,11:00,11:30,이당관,101,금요일
68,11:30,12:00,이당관,101,금요일
69,12:00,12:30,이당관,101,금요일
70,12:30,13:00,이당관,101,금요일
71,13:00,13:30,이당관,101,금요일
72,13:30,14:00,이당관,101,금요일
73,14:00,14:30,이당관,101,금요일
74,14:30,15:00,이당관,101,금요일
75,15:00,15:30,이당관,101,금요일
76,15:30,16:00,이당관,101,금요일
77,16:00,16:30,이당관,101,금요일
78,16:30,17:00,이당관,101,금요일
79,17:00,17:30,이당관,101,금요일
80,17:30,18:00,이당관,101,금요일
81,18:00,18:30,이당관,101,금요일
82,18:30,19:00,이당관,101,금요일
83,19:00,19:30,이당관,101,금요일
84,19:30,20:00,이당관,101,금요일
85,20:00,20:30,이당관,101,금요일
86,20:30,21:00,이당관,101,금요일
87,21:00,21:30,이당관,101,금요일
88,21:30,22:00,이당관,101,금요일
89,9:00,9:30,이당관,102,월요일
90,9:30,10:00,이당관,102,월요일
91,10:00,10:30,이당관,102,월요일
92,10:30,11:00,이당관,102,월요일
93,13:00,13:30,이당관,102,월요일
94,13:30,14:00,이당관,102,월요일
95,18:00,18:30,이당관,102,월요일
96,18:30,19:00,이당관,102,월요일
97,19:00,19:30,이당관,102,월요일
98,19:30,20:00,이당관,102,월요일
99,20:00,20:30,이당관,102,월요일
100,20:30,21:00,이당관,102,월요일
101,21:00,21:30,이당관,102,월요일
102,21:30,22:00,이당관,102,월요일
103,13:00,13:30,이당관,102,화요일
104,13:30,14:00,이당관,102,화요일
105,18:00,18:30,이당관,102,화요일
106,18:30,19:00,이당관,102,화요일
107,19:00,19:30,이당관,102,화요일
108,19:30,20:00,이당관,102,화요일
109,20:00,20:30,이당관,102,화요일
110,20:30,21:00,이당관,102,화요일
111,21:00,21:30,이당관,102,화요일
112,21:30,22:00,이당관,102,화요일
113,13:00,13:30,이당관,102,수요일
114,13:30,14:00,이당관,102,수요일
115,20:00,20:30,이당관,102,수요일
116,20:30,21:00,이당관,102,수요일
117,21:00,21:30,이당관,102,수요일
118,21:30,22:00,이당관,102,수요일
119,13:00,13:30,이당관,102,목요일
120,13:30,14:00,이당관,102,목요일
121,18:00,18:30,이당관,102,목요일
122,18:30,19:00,이당관,102,목요일
123,19:00,19:30,이당관,102,목요일
124,19:30,20:00,이당관,102,목요일
125,20:00,20:30,이당관,102,목요일
126,20:30,21:00,이당관,102,목요일
127,21:00,21:30,이당관,102,목요일
128,21:30,22:00,이당관,102,목요일
129,13:00,13:30,이당관,102,금요일
130,13:30,14:00,이당관,102,금요일
131,18:00,18:30,이당관,102,금요일
132,18:30,19:00,이당관,102,금요일
133,19:00,19:30,이당관,102,금요일
134,19:30,20:00,이당관,102,금요일
135,20:00,20:30,이당관,102,금요일
136,20:30,21:00,이당관,102,금요일
137,21:00,21:30,이당관,102,금요일
138,21:30,22:00,이당관,102,금요일
139,13:00,13:30,이당관,103,월요일
140,13:30,14:00,이당관,103,월요일
141,18:00,18:30,이당관,103,월요일
142,18:30,19:00,이당관,103,월요일
143,19:00,19:30,이당관,103,월요일
144,19:30,20:00,이당관,103,월요일
145,20:00,20:30,이당관,103,월요일
146,20:30,21:00,이당관,103,월요일
147,21:00,21:30,이당관,103,월요일
148,21:30,22:00,이당관,103,월요일
149,13:00,13:30,이당관,103,화요일
150,13:30,14:00,이당관,103,화요일
151,18:00,18:30,이당관,103,화요일
152,18:30,19:00,이당관,103,화요일
153,19:00,19:30,이당관,103,화요일
154,19:30,20:00,이당관,103,화요일
155,20:00,20:30,이당관,103,화요일
156,20:30,21:00,이당관,103,화요일
157,21:00,21:30,이당관,103,화요일
158,21:30,22:00,이당관,103,화요일
159,13:00,13:30,이당관,103,수요일
160,13:30,14:00,이당관,103,수요일
161,14:00,14:30,이당관,103,수요일
162,14:30,15:00,이당관,103,수요일
163,15:00,15:30,이당관,103,수요일
164,15:30,16:00,이당관,103,수요일
165,18:00,18:30,이당관,103,수요일
166,18:30,19:00,이당관,103,수요일
167,19:00,19:30,이당관,103,수요일
168,19:30,20:00,이당관,103,수요일
169,20:00,20:30,이당관,103,수요일
170,20:30,21:00,이당관,103,수요일
171,21:00,21:30,이당관,103,수요일
172,21:30,22:00,이당관,103,수요일
173,13:00,13:30,이당관,103,목요일
174,13:30,14:00,이당관,103,목요일
175,18:00,18:30,이당관,103,목요일
176,18:30,19:00,이당관,103,목요일
177,19:00,19:30,이당관,103,목요일
178,19:30,20:00,이당관,103,목요일
179,20:00,20:30,이당관,103,목요일
180,20:30,21:00,이당관,103,목요일
181,21:00,21:30,이당관,103,목요일
182,21:30,22:00,이당관,103,목요일
183,11:00,11:30,이당관,103,금요일
184,11:30,12:00,이당관,103,금요일
185,12:00,12:30,이당관,103,금요일
186,12:30,13:00,이당관,103,금요일
187,13:00,13:30,이당관,103,금요일
188,13:30,14:00,이당관,103,금요일
189,18:00,18:30,이당관,103,금요일
190,18:30,19:00,이당관,103,금요일
191,19:00,19:30,이당관,103,금요일
192,19:30,20:00,이당관,103,금요일
193,20:00,20:30,이당관,103,금요일
194,20:30,21:00,이당관,103,금요일
195,21:00,21:30,이당관,103,금요일
196,21:30,22:00,이당관,103,금요일
197,18:00,18:30,이당관,104,월요일
198,18:30,19:00,이당관,104,월요일
199,19:00,19:30,이당관,104,월요일
200,19:30,20:00,이당관,104,월요일
201,20:00,20:30,이당관,104,월요일
202,20:30,21:00,이당관,104,월요일
203,21:00,21:30,이당관,104,월요일
204,21:30,22:00,이당관,104,월요일
205,9:00,9:30,이당관,104,화요일
206,9:30,10:00,이당관,104,화요일
207,10:00,10:30,이당관,104,화요일
208,12:00,12:30,이당관,104,화요일
209,12:30,13:00,이당관,104,화요일
210,13:00,13:30,이당관,104,화요일
211,16:30,17:00,이당관,104,화요일
212,17:00,17:30,이당관,104,화요일
213,17:30,18:00,이당관,104,화요일
214,18:00,18:30,이당관,104,화요일
215,18:30,19:00,이당관,104,화요일
216,19:00,19:30,이당관,104,화요일
217,19:30,20:00,이당관,104,화요일
218,20:00,20:30,이당관,104,화요일
219,20:30,21:00,이당관,104,화요일
220,21:00,21:30,이당관,104,화요일
221,21:30,22:00,이당관,104,화요일
222,18:00,18:30,이당관,104,수요일
223,18:30,19:00,이당관,104,수요일
224,19:00,19:30,이당관,104,수요일
225,19:30,20:00,이당관,104,수요일
226,20:00,20:30,이당관,104,수요일
227,20:30,21:00,이당관,104,수요일
228,21:00,21:30,이당관,104,수요일
229,21:30,22:00,이당관,104,수요일
230,9:00,9:30,이당관,104,목요일
231,9:30,10:00,이당관,104,목요일
232,10:00,10:30,이당관,104,목요일
233,12:00,12:30,이당관,104,목요일
234,12:30,13:00,이당관,104,목요일
235,13:00,13:30,이당관,104,목요일
236,16:30,17:00,이당관,104,목요일
237,17:00,17:30,이당관,104,목요일
238,17:30,18:00,이당관,104,목요일
239,18:00,18:30,이당관,104,목요일
240,18:30,19:00,이당관,104,목요일
241,19:00,19:30,이당관,104,목요일
242,19:30,20:00,이당관,104,목요일
243,20:00,20:30,이당관,104,목요일
244,20:30,21:00,이당관,104,목요일
245,21:00,21:30,이당관,104,목요일
246,21:30,22:00,이당관,104,목요일
247,9:00,9:30,이당관,104,금요일
248,9:30,10:00,이당관,104,금요일
249,10:00,10:30,이당관,104,금요일
250,10:30,11:00,이당관,104,금요일
251,11:00,11:30,이당관,104,금요일
252,11:30,12:00,이당관,104,금요일
253,18:00,18:30,이당관,104,금요일
254,18:30,19:00,이당관,104,금요일
255,19:00,19:30,이당관,104,금요일
256,19:30,20:00,이당관,104,금요일
257,20:00,20:30,이당관,104,금요일
258,20:30,21:00,이당관,104,금요일
259,21:00,21:30,이당관,104,금요일
260,21:30,22:00,이당관,104,금요일
261,9:00,9:30,이당관,201,월요일
262,9:30,10:00,이당관,201,월요일
263,10:00,10:30,이당관,201,월요일
264,10:30,11:00,이당관,201,월요일
265,11:00,11:30,이당관,201,월요일
266,11:30,12:00,이당관,201,월요일
267,12:00,12:30,이당관,201,월요일
268,12:30,13:00,이당관,201,월요일
269,13:00,13:30,이당관,201,월요일
270,13:30,14:00,이당관,201,월요일
271,14:00,14:30,이당관,201,월요일
272,14:30,15:00,이당관,201,월요일
273,15:00,15:30,이당관,201,월요일
274,15:30,16:00,이당관,201,월요일
275,16:00,16:30,이당관,201,월요일
276,16:30,17:00,이당관,201,월요일
277,17:00,17:30,이당관,201,월요일
278,17:30,18:00,이당관,201,월요일
279,18:00,18:30,이당관,201,월요일
280,18:30,19:00,이당관,201,월요일
281,19:00,19:30,이당관,201,월요일
282,19:30,20:00,이당관,201,월요일
283,20:00,20:30,이당관,201,월요일
284,20:30,21:00,이당관,201,월요일
285,21:00,21:30,이당관,201,월요일
286,21:30,22:00,이당관,201,월요일
287,9:00,9:30,이당관,201,화요일
288,9:30,10:00,이당관,201,화요일
289,10:00,10:30,이당관,201,화요일
290,10:30,11:00,이당관,201,화요일
291,11:00,11:30,이당관,201,화요일
292,11:30,12:00,이당관,201,화요일
293,13:30,14:00,이당관,201,화요일
294,14:00,14:30,이당관,201,화요일
295,14:30,15:00,이당관,201,화요일
296,16:30,17:00,이당관,201,화요일
297,17:00,17:30,이당관,201,화요일
298,17:30,18:00,이당관,201,화요일
299,18:00,18:30,이당관,201,화요일
300,18:30,19:00,이당관,201,화요일
301,19:00,19:30,이당관,201,화요일
302,19:30,20:00,이당관,201,화요일
303,20:00,20:30,이당관,201,화요일
304,20:30,21:00,이당관,201,화요일
305,21:00,21:30,이당관,201,화요일
306,21:30,22:00,이당관,201,화요일
307,9:00,9:30,이당관,201,수요일
308,9:30,10:00,이당관,201,수요일
309,10:00,10:30,이당관,201,수요일
310,10:30,11:00,이당관,201,수요일
311,11:00,11:30,이당관,201,수요일
312,11:30,12:00,이당관,201,수요일
313,13:30,14:00,이당관,201,수요일
314,16:00,16:30,이당관,201,수요일
315,16:30,17:00,이당관,201,수요일
316,17:00,17:30,이당관,201,수요일
317,17:30,18:00,이당관,201,수요일
318,18:00,18:30,이당관,201,수요일
319,18:30,19:00,이당관,201,수요일
320,19:00,19:30,이당관,201,수요일
321,19:30,20:00,이당관,201,수요일
322,20:00,20:30,이당관,201,수요일
323,20:30,21:00,이당관,201,수요일
324,21:00,21:30,이당관,201,수요일
325,21:30,22:00,이당관,201,수요일
326,9:00,9:30,이당관,201,목요일
327,9:30,10:00,이당관,201,목요일
328,10:00,10:30,이당관,201,목요일
329,10:30,11:00,이당관,201,목요일
330,11:00,11:30,이당관,201,목요일
331,11:30,12:00,이당관,201,목요일
332,13:30,14:00,이당관,201,목요일
333,14:00,14:30,이당관,201,목요일
334,14:30,15:00,이당관,201,목요일
335,16:30,17:00,이당관,201,목요일
336,17:00,17:30,이당관,201,목요일
337,17:30,18:00,이당관,201,목요일
338,18:00,18:30,이당관,201,목요일
339,18:30,19:00,이당관,201,목요일
340,19:00,19:30,이당관,201,목요일
341,19:30,20:00,이당관,201,목요일
342,20:00,20:30,이당관,201,목요일
343,20:30,21:00,이당관,201,목요일
344,21:00,21:30,이당관,201,목요일
345,21:30,22:00,이당관,201,목요일
346,15:00,15:30,이당관,201,금요일
347,15:30,16:00,이당관,201,금요일
348,16:00,16:30,이당관,201,금요일
349,16:30,17:00,이당관,201,금요일
350,17:00,17:30,이당관,201,금요일
351,17:30,18:00,이당관,201,금요일
352,18:00,18:30,이당관,201,금요일
353,18:30,19:00,이당관,201,금요일
354,19:00,19:30,이당관,201,금요일
355,19:30,20:00,이당관,201,금요일
356,20:00,20:30,이당관,201,금요일
357,20:30,21:00,이당관,201,금요일
358,21:00,21:30,이당관,201,금요일
359,21:30,22:00,이당관,201,금요일
360,13:00,13:30,이당관,202,월요일
361,13:30,14:00,이당관,202,월요일
362,18:00,18:30,이당관,202,월요일
363,18:30,19:00,이당관,202,월요일
364,19:00,19:30,이당관,202,월요일
365,19:30,20:00,이당관,202,월요일
366,20:00,20:30,이당관,202,월요일
367,20:30,21:00,이당관,202,월요일
368,21:00,21:30,이당관,202,월요일
369,21:30,22:00,이당관,202,월요일
370,13:00,13:30,이당관,202,화요일
371,13:30,14:00,이당관,202,화요일
372,18:00,18:30,이당관,202,화요일
373,18:30,19:00,이당관,202,화요일
374,19:00,19:30,이당관,202,화요일
375,19:30,20:00,이당관,202,화요일
376,20:00,20:30,이당관,202,화요일
377,20:30,21:00,이당관,202,화요일
378,21:00,21:30,이당관,202,화요일
379,21:30,22:00,이당관,202,화요일
380,13:00,13:30,이당관,202,수요일
381,13:30,14:00,이당관,202,수요일
382,20:00,20:30,이당관,202,수요일
383,20:30,21:00,이당관,202,수요일
384,21:00,21:30,이당관,202,수요일
385,21:30,22:00,이당관,202,수요일
386,13:00,13:30,이당관,202,목요일
387,13:30,14:00,이당관,202,목요일
388,18:00,18:30,이당관,202,목요일
389,18:30,19:00,이당관,202,목요일
390,19:00,19:30,이당관,202,목요일
391,19:30,20:00,이당관,202,목요일
392,20:00,20:30,이당관,202,목요일
393,20:30,21:00,이당관,202,목요일
394,21:00,21:30,이당관,202,목요일
395,21:30,22:00,이당관,202,목요일
396,13:00,13:30,이당관,202,금요일
397,13:30,14:00,이당관,202,금요일
398,18:00,18:30,이당관,202,금요일
399,18:30,19:00,이당관,202,금요일
400,19:00,19:30,이당관,202,금요일
401,19:30,20:00,이당관,202,금요일
402,20:00,20:30,이당관,202,금요일
403,20:30,21:00,이당관,202,금요일
404,21:00,21:30,이당관,202,금요일
405,21:30,22:00,이당관,202,금요일
406,13:00,13:30,이당관,203,월요일
407,13:30,14:00,이당관,203,월요일
408,18:00,18:30,이당관,203,월요일
409,18:30,19:00,이당관,203,월요일
410,19:00,19:30,이당관,203,월요일
411,19:30,20:00,이당관,203,월요일
412,20:00,20:30,이당관,203,월요일
413,20:30,21:00,이당관,203,월요일
414,21:00,21:30,이당관,203,월요일
415,21:30,22:00,이당관,203,월요일
416,13:00,13:30,이당관,203,화요일
417,13:30,14:00,이당관,203,화요일
418,18:00,18:30,이당관,203,화요일
419,18:30,19:00,이당관,203,화요일
420,19:00,19:30,이당관,203,화요일
421,19:30,20:00,이당관,203,화요일
422,20:00,20:30,이당관,203,화요일
423,20:30,21:00,이당관,203,화요일
424,21:00,21:30,이당관,203,화요일
425,21:30,22:00,이당관,203,화요일
426,9:00,9:30,이당관,203,수요일
427,9:30,10:00,이당관,203,수요일
428,10:00,10:30,이당관,203,수요일
429,10:30,11:00,이당관,203,수요일
430,13:00,13:30,이당관,203,수요일
431,13:30,14:00,이당관,203,수요일
432,18:00,18:30,이당관,203,수요일
433,18:30,19:00,이당관,203,수요일
434,19:00,19:30,이당관,203,수요일
435,19:30,20:00,이당관,203,수요일
436,20:00,20:30,이당관,203,수요일
437,20:30,21:00,이당관,203,수요일
438,21:00,21:30,이당관,203,수요일
439,21:30,22:00,이당관,203,수요일
440,9:00,9:30,이당관,203,목요일
441,9:30,10:00,이당관,203,목요일
442,10:00,10:30,이당관,203,목요일
443,10:30,11:00,이당관,203,목요일
444,11:00,11:30,이당관,203,목요일
445,11:30,12:00,이당관,203,목요일
446,13:30,14:00,이당관,203,목요일
447,18:00,18:30,이당관,203,목요일
448,18:30,19:00,이당관,203,목요일
449,19:00,19:30,이당관,203,목요일
450,19:30,20:00,이당관,203,목요일
451,20:00,20:30,이당관,203,목요일
452,20:30,21:00,이당관,203,목요일
453,21:00,21:30,이당관,203,목요일
454,21:30,22:00,이당관,203,목요일
455,13:00,13:30,이당관,203,금요일
456,13:30,14:00,이당관,203,금요일
457,18:00,18:30,이당관,203,금요일
458,18:30,19:00,이당관,203,금요일
459,19:00,19:30,이당관,203,금요일
460,19:30,20:00,이당관,203,금요일
461,20:00,20:30,이당관,203,금요일
462,20:30,21:00,이당관,203,금요일
463,21:00,21:30,이당관,203,금요일
464,21:30,22:00,이당관,203,금요일
465,9:00,9:30,이당관,204,월요일
466,9:30,10:00,이당관,204,월요일
467,10:00,10:30,이당관,204,월요일
468,12:00,12:30,이당관,204,월요일
469,12:30,13:00,이당관,204,월요일
470,13:00,13:30,이당관,204,월요일
471,13:30,14:00,이당관,204,월요일
472,14:00,14:30,이당관,204,월요일
473,14:30,15:00,이당관,204,월요일
474,15:00,15:30,이당관,204,월요일
475,15:30,16:00,이당관,204,월요일
476,16:00,16:30,이당관,204,월요일
477,18:00,18:30,이당관,204,월요일
478,18:30,19:00,이당관,204,월요일
479,19:00,19:30,이당관,204,월요일
480,19:30,20:00,이당관,204,월요일
481,20:00,20:30,이당관,204,월요일
482,20:30,21:00,이당관,204,월요일
483,21:00,21:30,이당관,204,월요일
484,21:30,22:00,이당관,204,월요일
485,9:00,9:30,이당관,204,화요일
486,9:30,10:00,이당관,204,화요일
487,10:00,10:30,이당관,204,화요일
488,18:00,18:30,이당관,204,화요일
489,18:30,19:00,이당관,204,화요일
490,19:00,19:30,이당관,204,화요일
491,19:30,20:00,이당관,204,화요일
492,20:00,20:30,이당관,204,화요일
493,20:30,21:00,이당관,204,화요일
494,21:00,21:30,이당관,204,화요일
495,21:30,22:00,이당관,204,화요일
496,9:00,9:30,이당관,204,수요일
497,9:30,10:00,이당관,204,수요일
498,10:00,10:30,이당관,204,수요일
499,12:00,12:30,이당관,204,수요일
500,12:30,13:00,이당관,204,수요일
501,13:00,13:30,이당관,204,수요일
502,13:30,14:00,이당관,204,수요일
503,14:00,14:30,이당관,204,수요일
504,14:30,15:00,이당관,204,수요일
505,15:00,15:30,이당관,204,수요일
506,15:30,16:00,이당관,204,수요일
507,16:00,16:30,이당관,204,수요일
508,16:30,17:00,이당관,204,수요일
509,17:00,17:30,이당관,204,수요일
510,17:30,18:00,이당관,204,수요일
511,18:00,18:30,이당관,204,수요일
512,18:30,19:00,이당관,204,수요일
513,19:00,19:30,이당관,204,수요일
514,19:30,20:00,이당관,204,수요일
515,20:00,20:30,이당관,204,수요일
516,20:30,21:00,이당관,204,수요일
517,21:00,21:30,이당관,204,수요일
518,21:30,22:00,이당관,204,수요일
519,9:00,9:30,이당관,204,목요일
520,9:30,10:00,이당관,204,목요일
521,10:00,10:30,이당관,204,목요일
522,18:00,18:30,이당관,204,목요일
523,18:30,19:00,이당관,204,목요일
524,19:00,19:30,이당관,204,목요일
525,19:30,20:00,이당관,204,목요일
526,20:00,20:30,이당관,204,목요일
527,20:30,21:00,이당관,204,목요일
528,21:00,21:30,이당관,204,목요일
529,21:30,22:00,이당관,204,목요일
530,12:00,12:30,이당관,204,금요일
531,12:30,13:00,이당관,204,금요일
532,13:00,13:30,이당관,204,금요일
533,13:30,14:00,이당관,204,금요일
534,14:00,14:30,이당관,204,금요일
535,14:30,15:00,이당관,204,금요일
536,15:00,15:30,이당관,204,금요일
537,15:30,16:00,이당관,204,금요일
538,16:00,16:30,이당관,204,금요일
539,16:30,17:00,이당관,204,금요일
540,17:00,17:30,이당관,204,금요일
541,17:30,18:00,이당관,204,금요일
542,18:00,18:30,이당관,204,금요일
543,18:30,19:00,이당관,204,금요일
544,19:00,19:30,이당관,204,금요일
545,19:30,20:00,이당관,204,금요일
546,20:00,20:30,이당관,204,금요일
547,20:30,21:00,이당관,204,금요일
548,21:00,21:30,이당관,204,금요일
549,21:30,22:00,이당관,204,금요일
550,9:00,9:30,이당관,205,월요일
551,9:30,10:00,이당관,205,월요일
552,10:00,10:30,이당관,205,월요일
553,14:00,14:30,이당관,205,월요일
554,14:30,15:00,이당관,205,월요일
555,15:00,15:30,이당관,205,월요일
556,15:30,16:00,이당관,205,월요일
557,21:00,21:30,이당관,205,월요일
558,21:30,22:00,이당관,205,월요일
559,9:00,9:30,이당관,205,화요일
560,9:30,10:00,이당관,205,화요일
561,10:00,10:30,이당관,205,화요일
562,16:30,17:00,이당관,205,화요일
563,17:00,17:30,이당관,205,화요일
564,17:30,18:00,이당관,205,화요일
565,19:00,19:30,이당관,205,화요일
566,19:30,20:00,이당관,205,화요일
567,20:00,20:30,이당관,205,화요일
568,20:30,21:00,이당관,205,화요일
569,21:00,21:30,이당관,205,화요일
570,21:30,22:00,이당관,205,화요일
571,12:00,12:30,이당관,205,수요일
572,12:30,13:00,이당관,205,수요일
573,13:00,13:30,이당관,205,수요일
574,13:30,14:00,이당관,205,수요일
575,18:00,18:30,이당관,205,수요일
576,18:30,19:00,이당관,205,수요일
577,19:00,19:30,이당관,205,수요일
578,19:30,20:00,이당관,205,수요일
579,20:00,20:30,이당관,205,수요일
580,20:30,21:00,이당관,205,수요일
581,21:00,21:30,이당관,205,수요일
582,21:30,22:00,이당관,205,수요일
583,9:00,9:30,이당관,205,목요일
584,9:30,10:00,이당관,205,목요일
585,10:00,10:30,이당관,205,목요일
586,16:30,17:00,이당관,205,목요일
587,17:00,17:30,이당관,205,목요일
588,17:30,18:00,이당관,205,목요일
589,19:00,19:30,이당관,205,목요일
590,19:30,20:00,이당관,205,목요일
591,20:00,20:30,이당관,205,목요일
592,20:30,21:00,이당관,205,목요일
593,21:00,21:30,이당관,205,목요일
594,21:30,22:00,이당관,205,목요일
595,14:00,14:30,이당관,205,금요일
596,14:30,15:00,이당관,205,금요일
597,15:00,15:30,이당관,205,금요일
598,15:30,16:00,이당관,205,금요일
599,16:00,16:30,이당관,205,금요일
600,16:30,17:00,이당관,205,금요일
601,17:00,17:30,이당관,205,금요일
602,17:30,18:00,이당관,205,금요일
603,20:30,21:00,이당관,205,금요일
604,21:00,21:30,이당관,205,금요일
605,10:30,11:00,새날관,104,월요일
606,11:00,11:30,새날관,104,월요일
607,11:30,12:00,새날관,104,월요일
608,16:30,17:00,새날관,104,월요일
609,17:00,17:30,새날관,104,월요일
610,17:30,18:00,새날관,104,월요일
611,18:00,18:30,새날관,104,월요일
612,18:30,19:00,새날관,104,월요일
613,19:00,19:30,새날관,104,월요일
614,19:30,20:00,새날관,104,월요일
615,20:00,20:30,새날관,104,월요일
616,20:30,21:00,새날관,104,월요일
617,21:00,21:30,새날관,104,월요일
618,21:30,22:00,새날관,104,월요일
619,9:00,9:30,새날관 ,104,화요일
620,9:30,10:00,새날관 ,104,화요일
621,10:00,10:30,새날관 ,104,화요일
622,10:30,11:00,새날관 ,104,화요일
623,11:00,11:30,새날관 ,104,화요일
624,11:30,12:00,새날관 ,104,화요일
625,13:30,14:00,새날관 ,104,화요일
626,14:00,14:30,새날관 ,104,화요일
627,14:30,15:00,새날관 ,104,화요일
628,18:00,18:30,새날관 ,104,화요일
629,18:30,19:00,새날관 ,104,화요일
630,19:00,19:30,새날관 ,104,화요일
631,19:30,20:00,새날관 ,104,화요일
632,20:00,20:30,새날관 ,104,화요일
633,20:30,21:00,새날관 ,104,화요일
634,21:00,21:30,새날관 ,104,화요일
635,21:30,22:00,새날관 ,104,화요일
636,10:30,11:00,새날관 ,104,수요일
637,11:00,11:30,새날관 ,104,수요일
638,11:30,12:00,새날관 ,104,수요일
639,13:30,14:00,새날관 ,104,수요일
640,14:00,14:30,새날관 ,104,수요일
641,14:30,15:00,새날관 ,104,수요일
642,16:30,17:00,새날관 ,104,수요일
643,17:00,17:30,새날관 ,104,수요일
644,17:30,18:00,새날관 ,104,수요일
645,18:00,18:30,새날관 ,104,수요일
646,18:30,19:00,새날관 ,104,수요일
647,19:00,19:30,새날관 ,104,수요일
648,19:30,20:00,새날관 ,104,수요일
649,20:00,20:30,새날관 ,104,수요일
650,20:30,21:00,새날관 ,104,수요일
651,21:00,21:30,새날관 ,104,수요일
652,21:30,22:00,새날관 ,104,수요일
653,9:00,9:30,새날관 ,104,목요일
654,9:30,10:00,새날관 ,104,목요일
655,10:00,10:30,새날관 ,104,목요일
656,10:30,11:00,새날관 ,104,목요일
657,11:00,11:30,새날관 ,104,목요일
658,11:30,12:00,새날관 ,104,목요일
659,13:30,14:00,새날관 ,104,목요일
660,14:00,14:30,새날관 ,104,목요일
661,14:30,15:00,새날관 ,104,목요일
662,18:00,18:30,새날관 ,104,목요일
663,18:30,19:00,새날관 ,104,목요일
664,19:00,19:30,새날관 ,104,목요일
665,19:30,20:00,새날관 ,104,목요일
666,20:00,20:30,새날관 ,104,목요일
667,20:30,21:00,새날관 ,104,목요일
668,21:00,21:30,새날관 ,104,목요일
669,21:30,22:00,새날관 ,104,목요일
670,9:00,9:30,새날관 ,104,금요일
671,9:30,10:00,새날관 ,104,금요일
672,10:00,10:30,새날관 ,104,금요일
673,10:30,11:00,새날관 ,104,금요일
674,11:00,11:30,새날관 ,104,금요일
675,11:30,12:00,새날관 ,104,금요일
676,15:00,15:30,새날관 ,104,금요일
677,15:30,16:00,새날관 ,104,금요일
678,16:00,16:30,새날관 ,104,금요일
679,16:30,17:00,새날관 ,104,금요일
680,17:00,17:30,새날관 ,104,금요일
681,17:30,18:00,새날관 ,104,금요일
682,18:00,18:30,새날관 ,104,금요일
683,18:30,19:00,새날관 ,104,금요일
684,19:00,19:30,새날관 ,104,금요일
685,19:30,20:00,새날관 ,104,금요일
686,20:00,20:30,새날관 ,104,금요일
687,20:30,21:00,새날관 ,104,금요일
688,21:00,21:30,새날관 ,104,금요일
689,21:30,22:00,새날관 ,104,금요일
690,9:00,9:30,군자관,109B,월요일
691,9:30,10:00,군자관,109B,월요일
692,16:00,16:30,군자관,109B,월요일
693,16:30,17:00,군자관,109B,월요일
694,17:00,17:30,군자관,109B,월요일
695,17:30,18:00,군자관,109B,월요일
696,18:00,18:30,군자관,109B,화요일
697,18:30,19:00,군자관,109B,화요일
698,19:00,19:30,군자관,109B,화요일
699,19:30,20:00,군자관,109B,화요일
700,20:00,20:30,군자관,109B,화요일
701,20:30,21:00,군자관,109B,화요일
702,21:00,21:30,군자관,109B,화요일
703,21:30,22:00,군자관,109B,화요일
704,9:00,9:30,군자관,109B,수요일
705,9:30,10:00,군자관,109B,수요일
706,18:00,18:30,군자관,109B,수요일
707,18:30,19:00,군자관,109B,수요일
708,19:00,19:30,군자관,109B,수요일
709,19:30,20:00,군자관,109B,수요일
710,20:00,20:30,군자관,109B,수요일
711,20:30,21:00,군자관,109B,수요일
712,21:00,21:30,군자관,109B,수요일
713,21:30,22:00,군자관,109B,수요일
714,9:00,9:30,군자관,109B,목요일
715,9:30,10:00,군자관,109B,목요일
716,21:00,21:30,군자관,109B,목요일
717,21:30,22:00,군자관,109B,목요일
718,9:00,9:30,군자관,109B,금요일
719,9:30,10:00,군자관,109B,금요일
720,10:00,10:30,군자관,109B,금요일
721,10:30,11:00,군자관,109B,금요일
722,11:00,11:30,군자관,109B,금요일
723,11:30,12:00,군자관,109B,금요일
724,13:00,13:30,군자관,109B,금요일
725,13:30,14:00,군자관,109B,금요일
726,14:00,14:30,군자관,109B,금요일
727,14:30,15:00,군자관,109B,금요일
728,18:00,18:30,군자관,109B,금요일
729,18:30,19:00,군자관,109B,금요일
730,19:00,19:30,군자관,109B,금요일
731,19:30,20:00,군자관,109B,금요일
732,20:00,20:30,군자관,109B,금요일
733,20:30,21:00,군자관,109B,금요일
734,21:00,21:30,군자관,109B,금요일
735,21:30,22:00,군자관,109B,금요일
736,18:00,18:30,군자관,107,월요일 
737,18:30,19:00,군자관,107,월요일 
738,19:00,19:30,군자관,107,월요일 
739,19:30,20:00,군자관,107,월요일 
740,20:00,20:30,군자관,107,월요일 
741,20:30,21:00,군자관,107,월요일 
742,21:00,21:30,군자관,107,월요일 
743,21:30,22:00,군자관,107,월요일 
744,9:00,9:30,군자관,107,화요일 
745,9:30,10:00,군자관,107,화요일 
746,10:00,10:30,군자관,107,화요일 
747,12:00,12:30,군자관,107,화요일 
748,12:30,13:00,군자관,107,화요일 
749,18:00,18:30,군자관,107,화요일 
750,18:30,19:00,군자관,107,화요일 
751,19:00,19:30,군자관,107,화요일 
752,19:30,20:00,군자관,107,화요일 
753,20:00,20:30,군자관,107,화요일 
754,20:30,21:00,군자관,107,화요일 
755,21:00,21:30,군자관,107,화요일 
756,21:30,22:00,군자관,107,화요일 
757,12:00,12:30,군자관,107,수요일 
758,12:30,13:00,군자관,107,수요일 
759,18:00,18:30,군자관,107,수요일 
760,18:30,19:00,군자관,107,수요일 
761,19:00,19:30,군자관,107,수요일 
762,19:30,20:00,군자관,107,수요일 
763,20:00,20:30,군자관,107,수요일 
764,20:30,21:00,군자관,107,수요일 
765,21:00,21:30,군자관,107,수요일 
766,21:30,22:00,군자관,107,수요일 
767,9:00,9:30,군자관,107,목요일
768,9:30,10:00,군자관,107,목요일
769,10:00,10:30,군자관,107,목요일
770,12:00,12:30,군자관,107,목요일
771,12:30,13:00,군자관,107,목요일
772,20:00,20:30,군자관,107,목요일
773,20:30,21:00,군자관,107,목요일
774,21:00,21:30,군자관,107,목요일
775,21:30,22:00,군자관,107,목요일
776,9:00,9:30,군자관,107,금요일 
777,9:30,10:00,군자관,107,금요일 
778,12:00,12:30,군자관,107,금요일 
779,12:30,13:00,군자관,107,금요일 
780,15:00,15:30,군자관,107,금요일 
781,15:30,16:00,군자관,107,금요일 
782,16:00,16:30,군자관,107,금요일 
783,16:30,17:00,군자관,107,금요일 
784,17:00,17:30,군자관,107,금요일 
785,17:30,18:00,군자관,107,금요일 
786,18:00,18:30,군자관,107,금요일 
787,18:30,19:00,군자관,107,금요일 
788,19:00,19:30,군자관,107,금요일 
789,19:30,20:00,군자관,107,금요일 
790,20:00,20:30,군자관,107,금요일 
791,20:30,21:00,군자관,107,금요일 
792,21:00,21:30,군자관,107,금요일 
793,21:30,22:00,군자관,107,금요일 
794,12:00,12:30,군자관,312,월요일
795,12:30,13:00,군자관,312,월요일
796,13:00,13:30,군자관,312,월요일
797,13:30,14:00,군자관,312,월요일
798,14:00,14:30,군자관,312,월요일
799,14:30,15:00,군자관,312,월요일
800,18:00,18:30,군자관,312,월요일
801,18:30,19:00,군자관,312,월요일
802,19:00,19:30,군자관,312,월요일
803,19:30,20:00,군자관,312,월요일
804,20:00,20:30,군자관,312,월요일
805,20:30,21:00,군자관,312,월요일
806,21:00,21:30,군자관,312,월요일
807,21:30,22:00,군자관,312,월요일
808,12:00,12:30,군자관,312,화요일
809,12:30,13:00,군자관,312,화요일
810,13:00,13:30,군자관,312,화요일
811,13:30,14:00,군자관,312,화요일
812,14:00,14:30,군자관,312,화요일
813,14:30,15:00,군자관,312,화요일
814,15:00,15:30,군자관,312,화요일
815,15:30,16:00,군자관,312,화요일
816,16:00,16:30,군자관,312,화요일
817,16:30,17:00,군자관,312,화요일
818,17:00,17:30,군자관,312,화요일
819,17:30,18:00,군자관,312,화요일
820,18:00,18:30,군자관,312,화요일
821,18:30,19:00,군자관,312,화요일
822,19:00,19:30,군자관,312,화요일
823,19:30,20:00,군자관,312,화요일
824,20:00,20:30,군자관,312,화요일
825,20:30,21:00,군자관,312,화요일
826,21:00,21:30,군자관,312,화요일
827,21:30,22:00,군자관,312,화요일
828,9:00,9:30,군자관,312,수요일
829,9:30,10:00,군자관,312,수요일
830,10:00,10:30,군자관,312,수요일
831,10:30,11:00,군자관,312,수요일
832,11:00,11:30,군자관,312,수요일
833,11:30,12:00,군자관,312,수요일
834,20:00,20:30,군자관,312,수요일
835,20:30,21:00,군자관,312,수요일
836,21:00,21:30,군자관,312,수요일
837,21:30,22:00,군자관,312,수요일
838,9:00,9:30,군자관,312,목요일 
839,9:30,10:00,군자관,312,목요일 
840,10:00,10:30,군자관,312,목요일 
841,10:30,11:00,군자관,312,목요일 
842,11:00,11:30,군자관,312,목요일 
843,11:30,12:00,군자관,312,목요일 
844,12:00,12:30,군자관,312,목요일 
845,12:30,13:00,군자관,312,목요일 
846,13:00,13:30,군자관,312,목요일 
847,13:30,14:00,군자관,312,목요일 
848,17:00,17:30,군자관,312,목요일 
849,17:30,18:00,군자관,312,목요일 
850,9:00,9:30,군자관,312,금요일
851,9:30,10:00,군자관,312,금요일
852,10:00,10:30,군자관,312,금요일
853,10:30,11:00,군자관,312,금요일
854,11:00,11:30,군자관,312,금요일
855,11:30,12:00,군자관,312,금요일
856,16:00,16:30,군자관,312,금요일
857,16:30,17:00,군자관,312,금요일
858,17:00,17:30,군자관,312,금요일
859,17:30,18:00,군자관,312,금요일
860,18:00,18:30,군자관,312,금요일
861,18:30,19:00,군자관,312,금요일
862,19:00,19:30,군자관,312,금요일
863,19:30,20:00,군자관,312,금요일
864,20:00,20:30,군자관,312,금요일
865,20:30,21:00,군자관,312,금요일
866,21:00,21:30,군자관,312,금요일
867,21:30,22:00,군자관,312,금요일
868,10:30,11:00,집현관,301,월요일 
869,11:00,11:30,집현관,301,월요일 
870,11:30,12:00,집현관,301,월요일 
871,19:00,19:30,집현관,301,월요일 
872,19:30,20:00,집현관,301,월요일 
873,20:00,20:30,집현관,301,월요일 
874,20:30,21:00,집현관,301,월요일 
875,21:00,21:30,집현관,301,월요일 
876,21:30,22:00,집현관,301,월요일 
877,16:30,17:00,집현관,301,화요일
878,17:00,17:30,집현관,301,화요일
879,17:30,18:00,집현관,301,화요일
880,18:00,18:30,집현관,301,화요일
881,18:30,19:00,집현관,301,화요일
882,19:00,19:30,집현관,301,화요일
883,19:30,20:00,집현관,301,화요일
884,20:00,20:30,집현관,301,화요일
885,20:30,21:00,집현관,301,화요일
886,21:00,21:30,집현관,301,화요일
887,21:30,22:00,집현관,301,화요일
888,10:30,11:00,집현관,301,수요일
889,11:00,11:30,집현관,301,수요일
890,11:30,12:00,집현관,301,수요일
891,18:00,18:30,집현관,301,수요일
892,18:30,19:00,집현관,301,수요일
893,19:00,19:30,집현관,301,수요일
894,19:30,20:00,집현관,301,수요일
895,20:00,20:30,집현관,301,수요일
896,20:30,21:00,집현관,301,수요일
897,21:00,21:30,집현관,301,수요일
898,21:30,22:00,집현관,301,수요일
899,16:30,17:00,집현관,301,목요일 
900,17:00,17:30,집현관,301,목요일 
901,17:30,18:00,집현관,301,목요일 
902,18:00,18:30,집현관,301,목요일 
903,18:30,19:00,집현관,301,목요일 
904,19:00,19:30,집현관,301,목요일 
905,19:30,20:00,집현관,301,목요일 
906,20:00,20:30,집현관,301,목요일 
907,20:30,21:00,집현관,301,목요일 
908,21:00,21:30,집현관,301,목요일 
909,21:30,22:00,집현관,301,목요일 
910,12:00,12:30,집현관,301,금요일
911,12:30,13:00,집현관,301,금요일
912,13:00,13:30,집현관,301,금요일
913,13:30,14:00,집현관,301,금요일
914,14:00,14:30,집현관,301,금요일
915,14:30,15:00,집현관,301,금요일
916,18:00,18:30,집현관,301,금요일
917,18:30,19:00,집현관,301,금요일
918,19:00,19:30,집현관,301,금요일
919,19:30,20:00,집현관,301,금요일
920,20:00,20:30,집현관,301,금요일
921,20:30,21:00,집현관,301,금요일
922,21:00,21:30,집현관,301,금요일
923,21:30,22:00,집현관,301,금요일
924,12:00,12:30,집현관,302,월요일
925,12:30,13:00,집현관,302,월요일
926,13:00,13:30,집현관,302,월요일
927,18:00,18:30,집현관,302,월요일
928,18:30,19:00,집현관,302,월요일
929,19:00,19:30,집현관,302,월요일
930,19:30,20:00,집현관,302,월요일
931,20:00,20:30,집현관,302,월요일
932,20:30,21:00,집현관,302,월요일
933,21:00,21:30,집현관,302,월요일
934,21:30,22:00,집현관,302,월요일
935,9:00,9:30,집현관,302,화요일 
936,9:30,10:00,집현관,302,화요일 
937,10:00,10:30,집현관,302,화요일 
938,13:30,14:00,집현관,302,화요일 
939,14:00,14:30,집현관,302,화요일 
940,14:30,15:00,집현관,302,화요일 
941,18:00,18:30,집현관,302,화요일 
942,18:30,19:00,집현관,302,화요일 
943,19:00,19:30,집현관,302,화요일 
944,19:30,20:00,집현관,302,화요일 
945,20:00,20:30,집현관,302,화요일 
946,20:30,21:00,집현관,302,화요일 
947,21:00,21:30,집현관,302,화요일 
948,21:30,22:00,집현관,302,화요일 
949,12:00,12:30,집현관,302,수요일
950,12:30,13:00,집현관,302,수요일
951,13:00,13:30,집현관,302,수요일
952,18:00,18:30,집현관,302,수요일
953,18:30,19:00,집현관,302,수요일
954,19:00,19:30,집현관,302,수요일
955,19:30,20:00,집현관,302,수요일
956,20:00,20:30,집현관,302,수요일
957,20:30,21:00,집현관,302,수요일
958,21:00,21:30,집현관,302,수요일
959,21:30,22:00,집현관,302,수요일
960,9:00,9:30,집현관,302,목요일
961,9:30,10:00,집현관,302,목요일
962,10:00,10:30,집현관,302,목요일
963,13:30,14:00,집현관,302,목요일
964,14:00,14:30,집현관,302,목요일
965,14:30,15:00,집현관,302,목요일
966,18:00,18:30,집현관,302,목요일
967,18:30,19:00,집현관,302,목요일
968,19:00,19:30,집현관,302,목요일
969,19:30,20:00,집현관,302,목요일
970,20:00,20:30,집현관,302,목요일
971,20:30,21:00,집현관,302,목요일
972,21:00,21:30,집현관,302,목요일
973,21:30,22:00,집현관,302,목요일
974,9:00,9:30,집현관,302,금요일
975,9:30,10:00,집현관,302,금요일
976,10:00,10:30,집현관,302,금요일
977,10:30,11:00,집현관,302,금요일
978,11:00,11:30,집현관,302,금요일
979,11:30,12:00,집현관,302,금요일
980,12:00,12:30,집현관,302,금요일
981,12:30,13:00,집현관,302,금요일
982,13:00,13:30,집현관,302,금요일
983,13:30,14:00,집현관,302,금요일
984,14:00,14:30,집현관,302,금요일
985,14:30,15:00,집현관,302,금요일
986,15:00,15:30,집현관,302,금요일
987,15:30,16:00,집현관,302,금요일
988,16:00,16:30,집현관,302,금요일
989,16:30,17:00,집현관,302,금요일
990,17:00,17:30,집현관,302,금요일
991,17:30,18:00,집현관,302,금요일
992,18:00,18:30,집현관,302,금요일
993,18:30,19:00,집현관,302,금요일
994,19:00,19:30,집현관,302,금요일
995,19:30,20:00,집현관,302,금요일
996,20:00,20:30,집현관,302,금요일
997,20:30,21:00,집현관,302,금요일
998,21:00,21:30,집현관,302,금요일
999,21:30,22:00,집현관,302,금요일
1000,9:00,9:30,집현관,303,월요일
1001,9:30,10:00,집현관,303,월요일
1002,10:00,10:30,집현관,303,월요일
1003,13:30,14:00,집현관,303,월요일
1004,14:00,14:30,집현관,303,월요일
1005,14:30,15:00,집현관,303,월요일
1006,18:00,18:30,집현관,303,월요일
1007,20:30,21:00,집현관,303,월요일
1008,21:00,21:30,집현관,303,월요일
1009,21:30,22:00,집현관,303,월요일
1010,10:30,11:00,집현관,303,화요일
1011,11:00,11:30,집현관,303,화요일
1012,11:30,12:00,집현관,303,화요일
1013,12:00,12:30,집현관,303,화요일
1014,12:30,13:00,집현관,303,화요일
1015,18:00,18:30,집현관,303,화요일
1016,18:30,19:00,집현관,303,화요일
1017,19:00,19:30,집현관,303,화요일
1018,19:30,20:00,집현관,303,화요일
1019,20:00,20:30,집현관,303,화요일
1020,20:30,21:00,집현관,303,화요일
1021,21:00,21:30,집현관,303,화요일
1022,21:30,22:00,집현관,303,화요일
1023,9:00,9:30,집현관,303,수요일
1024,9:30,10:00,집현관,303,수요일
1025,10:00,10:30,집현관,303,수요일
1026,13:30,14:00,집현관,303,수요일
1027,14:00,14:30,집현관,303,수요일
1028,14:30,15:00,집현관,303,수요일
1029,15:00,15:30,집현관,303,수요일
1030,15:30,16:00,집현관,303,수요일
1031,18:00,18:30,집현관,303,수요일
1032,18:30,19:00,집현관,303,수요일
1033,19:00,19:30,집현관,303,수요일
1034,19:30,20:00,집현관,303,수요일
1035,20:00,20:30,집현관,303,수요일
1036,20:30,21:00,집현관,303,수요일
1037,21:00,21:30,집현관,303,수요일
1038,21:30,22:00,집현관,303,수요일
1039,12:00,12:30,집현관,303,목요일
1040,12:30,13:00,집현관,303,목요일
1041,13:00,13:30,집현관,303,목요일
1042,13:30,14:00,집현관,303,목요일
1043,14:00,14:30,집현관,303,목요일
1044,14:30,15:00,집현관,303,목요일
1045,15:00,15:30,집현관,303,목요일
1046,15:30,16:00,집현관,303,목요일
1047,18:00,18:30,집현관,303,목요일
1048,18:30,19:00,집현관,303,목요일
1049,19:00,19:30,집현관,303,목요일
1050,19:30,20:00,집현관,303,목요일
1051,20:00,20:30,집현관,303,목요일
1052,20:30,21:00,집현관,303,목요일
1053,21:00,21:30,집현관,303,목요일
1054,21:30,22:00,집현관,303,목요일
1055,12:00,12:30,집현관,303,금요일
1056,12:30,13:00,집현관,303,금요일
1057,13:00,13:30,집현관,303,금요일
1058,13:30,14:00,집현관,303,금요일
1059,14:00,14:30,집현관,303,금요일
1060,14:30,15:00,집현관,303,금요일
1061,15:00,15:30,집현관,303,금요일
1062,15:30,16:00,집현관,303,금요일
1063,16:00,16:30,집현관,303,금요일
1064,16:30,17:00,집현관,303,금요일
1065,17:00,17:30,집현관,303,금요일
1066,17:30,18:00,집현관,303,금요일
1067,18:00,18:30,집현관,303,금요일
1068,20:30,21:00,집현관,303,금요일
1069,21:00,21:30,집현관,303,금요일
1070,21:30,22:00,집현관,303,금요일
1071,9:00,9:30,집현관,307,화요일 
1072,9:30,10:00,집현관,307,화요일 
1073,10:00,10:30,집현관,307,화요일 
1074,18:00,18:30,집현관,307,화요일 
1075,21:00,21:30,집현관,307,화요일 
1076,21:30,22:00,집현관,307,화요일 
1077,9:00,9:30,집현관,307,목요일
1078,9:30,10:00,집현관,307,목요일
1079,10:00,10:30,집현관,307,목요일
1080,21:00,21:30,집현관,307,목요일
1081,21:30,22:00,집현관,307,목요일
1082,18:00,18:30,집현관,307,금요일
1083,18:30,19:00,집현관,307,금요일
1084,19:00,19:30,집현관,307,금요일
1085,19:30,20:00,집현관,307,금요일
1086,20:00,20:30,집현관,307,금요일
1087,20:30,21:00,집현관,307,금요일
1088,21:00,21:30,집현관,307,금요일
1089,21:30,22:00,집현관,307,금요일
1090,9:00,9:30,집현관,309,월요일
1091,9:30,10:00,집현관,309,월요일
1092,10:00,10:30,집현관,309,월요일
1093,19:00,19:30,집현관,309,월요일
1094,19:30,20:00,집현관,309,월요일
1095,20:00,20:30,집현관,309,월요일
1096,20:30,21:00,집현관,309,월요일
1097,21:00,21:30,집현관,309,월요일
1098,21:30,22:00,집현관,309,월요일
1099,19:00,19:30,집현관,309,화요일
1100,19:30,20:00,집현관,309,화요일
1101,20:00,20:30,집현관,309,화요일
1102,20:30,21:00,집현관,309,화요일
1103,21:00,21:30,집현관,309,화요일
1104,21:30,22:00,집현관,309,화요일
1105,9:00,9:30,집현관,309,수요일
1106,9:30,10:00,집현관,309,수요일
1107,10:00,10:30,집현관,309,수요일
1108,21:30,22:00,집현관,309,수요일
1109,21:30,22:00,집현관,309,목요일
1110,15:00,15:30,집현관,309,금요일 
1111,15:30,16:00,집현관,309,금요일 
1112,16:00,16:30,집현관,309,금요일 
1113,16:30,17:00,집현관,309,금요일 
1114,17:00,17:30,집현관,309,금요일 
1115,17:30,18:00,집현관,309,금요일 
1116,18:00,18:30,집현관,309,금요일 
1117,18:30,19:00,집현관,309,금요일 
1118,19:00,19:30,집현관,309,금요일 
1119,19:30,20:00,집현관,309,금요일 
1120,20:00,20:30,집현관,309,금요일 
1121,20:30,21:00,집현관,309,금요일 
1122,21:00,21:30,집현관,309,금요일 
1123,21:30,22:00,집현관,309,금요일 
1124,9:00,9:30,집현관,311,월요일
1125,9:30,10:00,집현관,311,월요일
1126,10:00,10:30,집현관,311,월요일
1127,12:00,12:30,집현관,311,월요일
1128,12:30,13:00,집현관,311,월요일
1129,13:00,13:30,집현관,311,월요일
1130,18:00,18:30,집현관,311,월요일
1131,20:30,21:00,집현관,311,월요일
1132,21:00,21:30,집현관,311,월요일
1133,21:30,22:00,집현관,311,월요일
1134,9:00,9:30,집현관,311,화요일
1135,9:30,10:00,집현관,311,화요일
1136,10:00,10:30,집현관,311,화요일
1137,19:00,19:30,집현관,311,화요일
1138,19:30,20:00,집현관,311,화요일
1139,20:00,20:30,집현관,311,화요일
1140,20:30,21:00,집현관,311,화요일
1141,21:00,21:30,집현관,311,화요일
1142,21:30,22:00,집현관,311,화요일
1143,9:00,9:30,집현관,311,수요일
1144,9:30,10:00,집현관,311,수요일
1145,10:00,10:30,집현관,311,수요일
1146,12:00,12:30,집현관,311,수요일
1147,12:30,13:00,집현관,311,수요일
1148,13:00,13:30,집현관,311,수요일
1149,18:00,18:30,집현관,311,수요일
1150,20:30,21:00,집현관,311,수요일
1151,21:00,21:30,집현관,311,수요일
1152,21:30,22:00,집현관,311,수요일
1153,9:00,9:30,집현관,311,목요일
1154,9:30,10:00,집현관,311,목요일
1155,10:00,10:30,집현관,311,목요일
1156,21:30,22:00,집현관,311,목요일
1157,15:00,15:30,집현관,311,금요일
1158,15:30,16:00,집현관,311,금요일
1159,16:00,16:30,집현관,311,금요일
1160,16:30,17:00,집현관,311,금요일
1161,17:00,17:30,집현관,311,금요일
1162,17:30,18:00,집현관,311,금요일
1163,18:00,18:30,집현관,311,금요일
1164,18:30,19:00,집현관,311,금요일
1165,19:00,19:30,집현관,311,금요일
1166,19:30,20:00,집현관,311,금요일
1167,20:00,20:30,집현관,311,금요일
1168,20:30,21:00,집현관,311,금요일
1169,21:00,21:30,집현관,311,금요일
1170,21:30,22:00,집현관,311,금요일
1171,18:00,18:30,집현관,401,월요일
1172,18:30,19:00,집현관,401,월요일
1173,19:00,19:30,집현관,401,월요일
1174,19:30,20:00,집현관,401,월요일
1175,20:00,20:30,집현관,401,월요일
1176,20:30,21:00,집현관,401,월요일
1177,21:00,21:30,집현관,401,월요일
1178,21:30,22:00,집현관,401,월요일
1179,12:00,12:30,집현관,401,화요일
1180,12:30,13:00,집현관,401,화요일
1181,13:00,13:30,집현관,401,화요일
1182,13:30,14:00,집현관,401,화요일
1183,14:00,14:30,집현관,401,화요일
1184,14:30,15:00,집현관,401,화요일
1185,18:00,18:30,집현관,401,화요일
1186,18:30,19:00,집현관,401,화요일
1187,19:00,19:30,집현관,401,화요일
1188,19:30,20:00,집현관,401,화요일
1189,20:00,20:30,집현관,401,화요일
1190,20:30,21:00,집현관,401,화요일
1191,21:00,21:30,집현관,401,화요일
1192,21:30,22:00,집현관,401,화요일
1193,11:00,11:30,집현관,401,수요일
1194,11:30,12:00,집현관,401,수요일
1195,18:00,18:30,집현관,401,수요일
1196,18:30,19:00,집현관,401,수요일
1197,19:00,19:30,집현관,401,수요일
1198,19:30,20:00,집현관,401,수요일
1199,20:00,20:30,집현관,401,수요일
1200,20:30,21:00,집현관,401,수요일
1201,21:00,21:30,집현관,401,수요일
1202,21:30,22:00,집현관,401,수요일
1203,18:00,18:30,집현관,401,목요일
1204,18:30,19:00,집현관,401,목요일
1205,19:00,19:30,집현관,401,목요일
1206,19:30,20:00,집현관,401,목요일
1207,20:00,20:30,집현관,401,목요일
1208,20:30,21:00,집현관,401,목요일
1209,21:00,21:30,집현관,401,목요일
1210,21:30,22:00,집현관,401,목요일
1211,9:00,9:30,집현관,401,금요일
1212,9:30,10:00,집현관,401,금요일
1213,10:00,10:30,집현관,401,금요일
1214,10:30,11:00,집현관,401,금요일
1215,11:00,11:30,집현관,401,금요일
1216,11:30,12:00,집현관,401,금요일
1217,12:00,12:30,집현관,401,금요일
1218,12:30,13:00,집현관,401,금요일
1219,13:00,13:30,집현관,401,금요일
1220,13:30,14:00,집현관,401,금요일
1221,14:00,14:30,집현관,401,금요일
1222,14:30,15:00,집현관,401,금요일
1223,15:00,15:30,집현관,401,금요일
1224,15:30,16:00,집현관,401,금요일
1225,16:00,16:30,집현관,401,금요일
1226,16:30,17:00,집현관,401,금요일
1227,17:00,17:30,집현관,401,금요일
1228,17:30,18:00,집현관,401,금요일
1229,18:00,18:30,집현관,401,금요일
1230,18:30,19:00,집현관,401,금요일
1231,19:00,19:30,집현관,401,금요일
1232,19:30,20:00,집현관,401,금요일
1233,20:00,20:30,집현관,401,금요일
1234,20:30,21:00,집현관,401,금요일
1235,21:00,21:30,집현관,401,금요일
1236,21:30,22:00,집현관,401,금요일
1237,21:00,21:30,집현관,407,월요일
1238,21:30,22:00,집현관,407,월요일
1239,21:00,21:30,집현관,407,수요일
1240,21:30,22:00,집현관,407,수요일
1241,21:00,21:30,집현관,407,목요일 
1242,21:30,22:00,집현관,407,목요일 
1243,9:00,9:30,집현관,407,금요일
1244,9:30,10:00,집현관,407,금요일
1245,10:00,10:30,집현관,407,금요일
1246,18:00,18:30,집현관,407,금요일
1247,18:30,19:00,집현관,407,금요일
1248,19:00,19:30,집현관,407,금요일
1249,19:30,20:00,집현관,407,금요일
1250,20:00,20:30,집현관,407,금요일
1251,20:30,21:00,집현관,407,금요일
1252,21:00,21:30,집현관,407,금요일
1253,21:30,22:00,집현관,407,금요일
1254,9:00,9:30,집현관,501B,월요일
1255,9:30,10:00,집현관,501B,월요일
1256,10:00,10:30,집현관,501B,월요일
1257,12:00,12:30,집현관,501B,월요일
1258,12:30,13:00,집현관,501B,월요일
1259,13:00,13:30,집현관,501B,월요일
1260,13:30,14:00,집현관,501B,월요일
1261,14:00,14:30,집현관,501B,월요일
1262,14:30,15:00,집현관,501B,월요일
1263,15:00,15:30,집현관,501B,월요일
1264,15:30,16:00,집현관,501B,월요일
1265,16:00,16:30,집현관,501B,월요일
1266,19:00,19:30,집현관,501B,월요일
1267,19:30,20:00,집현관,501B,월요일
1268,20:00,20:30,집현관,501B,월요일
1269,20:30,21:00,집현관,501B,월요일
1270,21:00,21:30,집현관,501B,월요일
1271,21:30,22:00,집현관,501B,월요일
1272,18:00,18:30,집현관,501B,화요일
1273,18:30,19:00,집현관,501B,화요일
1274,19:00,19:30,집현관,501B,화요일
1275,19:30,20:00,집현관,501B,화요일
1276,20:00,20:30,집현관,501B,화요일
1277,20:30,21:00,집현관,501B,화요일
1278,21:00,21:30,집현관,501B,화요일
1279,21:30,22:00,집현관,501B,화요일
1280,9:00,9:30,집현관,501B,수요일
1281,9:30,10:00,집현관,501B,수요일
1282,10:00,10:30,집현관,501B,수요일
1283,15:00,15:30,집현관,501B,수요일
1284,15:30,16:00,집현관,501B,수요일
1285,16:00,16:30,집현관,501B,수요일
1286,18:00,18:30,집현관,501B,수요일
1287,18:30,19:00,집현관,501B,수요일
1288,19:00,19:30,집현관,501B,수요일
1289,19:30,20:00,집현관,501B,수요일
1290,20:00,20:30,집현관,501B,수요일
1291,20:30,21:00,집현관,501B,수요일
1292,21:00,21:30,집현관,501B,수요일
1293,21:30,22:00,집현관,501B,수요일
1294,19:00,19:30,집현관,501B,목요일 
1295,19:30,20:00,집현관,501B,목요일 
1296,20:00,20:30,집현관,501B,목요일 
1297,20:30,21:00,집현관,501B,목요일 
1298,21:00,21:30,집현관,501B,목요일 
1299,21:30,22:00,집현관,501B,목요일 
1300,15:00,15:30,집현관,501B,금요일
1301,15:30,16:00,집현관,501B,금요일
1302,16:00,16:30,집현관,501B,금요일
1303,16:30,17:00,집현관,501B,금요일
1304,17:00,17:30,집현관,501B,금요일
1305,17:30,18:00,집현관,501B,금요일
1306,18:00,18:30,집현관,501B,금요일
1307,18:30,19:00,집현관,501B,금요일
1308,19:00,19:30,집현관,501B,금요일
1309,19:30,20:00,집현관,501B,금요일
1310,20:00,20:30,집현관,501B,금요일
1311,20:30,21:00,집현관,501B,금요일
1312,21:00,21:30,집현관,501B,금요일
1313,21:30,22:00,집현관,501B,금요일
1314,9:00,9:30,집현관,502,월요일
1315,9:30,10:00,집현관,502,월요일
1316,10:00,10:30,집현관,502,월요일
1317,10:30,11:00,집현관,502,월요일
1318,11:00,11:30,집현관,502,월요일
1319,11:30,12:00,집현관,502,월요일
1320,15:00,15:30,집현관,502,월요일
1321,15:30,16:00,집현관,502,월요일
1322,16:00,16:30,집현관,502,월요일
1323,16:30,17:00,집현관,502,월요일
1324,17:00,17:30,집현관,502,월요일
1325,17:30,18:00,집현관,502,월요일
1326,19:00,19:30,집현관,502,월요일
1327,19:30,20:00,집현관,502,월요일
1328,20:00,20:30,집현관,502,월요일
1329,20:30,21:00,집현관,502,월요일
1330,21:00,21:30,집현관,502,월요일
1331,21:30,22:00,집현관,502,월요일
1332,9:00,9:30,집현관,502,화요일
1333,9:30,10:00,집현관,502,화요일
1334,10:00,10:30,집현관,502,화요일
1335,16:30,17:00,집현관,502,화요일
1336,17:00,17:30,집현관,502,화요일
1337,17:30,18:00,집현관,502,화요일
1338,19:30,20:00,집현관,502,화요일
1339,20:00,20:30,집현관,502,화요일
1340,20:30,21:00,집현관,502,화요일
1341,21:00,21:30,집현관,502,화요일
1342,21:30,22:00,집현관,502,화요일
1343,18:00,18:30,집현관,502,수요일 
1344,18:30,19:00,집현관,502,수요일 
1345,19:00,19:30,집현관,502,수요일 
1346,19:30,20:00,집현관,502,수요일 
1347,20:00,20:30,집현관,502,수요일 
1348,20:30,21:00,집현관,502,수요일 
1349,21:00,21:30,집현관,502,수요일 
1350,21:30,22:00,집현관,502,수요일 
1351,9:00,9:30,집현관,502,목요일 
1352,9:30,10:00,집현관,502,목요일 
1353,10:00,10:30,집현관,502,목요일 
1354,16:30,17:00,집현관,502,목요일 
1355,17:00,17:30,집현관,502,목요일 
1356,17:30,18:00,집현관,502,목요일 
1357,18:00,18:30,집현관,502,목요일 
1358,18:30,19:00,집현관,502,목요일 
1359,19:00,19:30,집현관,502,목요일 
1360,19:30,20:00,집현관,502,목요일 
1361,20:00,20:30,집현관,502,목요일 
1362,20:30,21:00,집현관,502,목요일 
1363,21:00,21:30,집현관,502,목요일 
1364,21:30,22:00,집현관,502,목요일 
1365,9:00,9:30,집현관,502,금요일 
1366,9:30,10:00,집현관,502,금요일 
1367,10:00,10:30,집현관,502,금요일 
1368,10:30,11:00,집현관,502,금요일 
1369,11:00,11:30,집현관,502,금요일 
1370,11:30,12:00,집현관,502,금요일 
1371,12:00,12:30,집현관,502,금요일 
1372,12:30,13:00,집현관,502,금요일 
1373,13:00,13:30,집현관,502,금요일 
1374,13:30,14:00,집현관,502,금요일 
1375,14:00,14:30,집현관,502,금요일 
1376,14:30,15:00,집현관,502,금요일 
1377,15:00,15:30,집현관,502,금요일 
1378,15:30,16:00,집현관,502,금요일 
1379,16:00,16:30,집현관,502,금요일 
1380,16:30,17:00,집현관,502,금요일 
1381,17:00,17:30,집현관,502,금요일 
1382,17:30,18:00,집현관,502,금요일 
1383,18:00,18:30,집현관,502,금요일 
1384,18:30,19:00,집현관,502,금요일 
1385,19:00,19:30,집현관,502,금요일 
1386,19:30,20:00,집현관,502,금요일 
1387,20:00,20:30,집현관,502,금요일 
1388,20:30,21:00,집현관,502,금요일 
1389,21:00,21:30,집현관,502,금요일 
1390,21:30,22:00,집현관,502,금요일 
1391,9:00,9:30,집현관,503,월요일
1392,9:30,10:00,집현관,503,월요일
1393,10:00,10:30,집현관,503,월요일
1394,10:30,11:00,집현관,503,월요일
1395,11:00,11:30,집현관,503,월요일
1396,11:30,12:00,집현관,503,월요일
1397,12:00,12:30,집현관,503,월요일
1398,12:30,13:00,집현관,503,월요일
1399,13:00,13:30,집현관,503,월요일
1400,19:00,19:30,집현관,503,월요일
1401,19:30,20:00,집현관,503,월요일
1402,20:00,20:30,집현관,503,월요일
1403,20:30,21:00,집현관,503,월요일
1404,21:00,21:30,집현관,503,월요일
1405,21:30,22:00,집현관,503,월요일
1406,9:00,9:30,집현관,503,화요일
1407,9:30,10:00,집현관,503,화요일
1408,10:00,10:30,집현관,503,화요일
1409,12:00,12:30,집현관,503,화요일
1410,12:30,13:00,집현관,503,화요일
1411,16:00,16:30,집현관,503,화요일
1412,16:30,17:00,집현관,503,화요일
1413,17:00,17:30,집현관,503,화요일
1414,17:30,18:00,집현관,503,화요일
1415,18:00,18:30,집현관,503,화요일
1416,18:30,19:00,집현관,503,화요일
1417,19:00,19:30,집현관,503,화요일
1418,19:30,20:00,집현관,503,화요일
1419,20:00,20:30,집현관,503,화요일
1420,20:30,21:00,집현관,503,화요일
1421,21:00,21:30,집현관,503,화요일
1422,21:30,22:00,집현관,503,화요일
1423,9:00,9:30,집현관,503,수요일
1424,9:30,10:00,집현관,503,수요일
1425,10:00,10:30,집현관,503,수요일
1426,10:30,11:00,집현관,503,수요일
1427,11:00,11:30,집현관,503,수요일
1428,11:30,12:00,집현관,503,수요일
1429,12:00,12:30,집현관,503,수요일
1430,12:30,13:00,집현관,503,수요일
1431,13:00,13:30,집현관,503,수요일
1432,18:00,18:30,집현관,503,수요일
1433,18:30,19:00,집현관,503,수요일
1434,19:00,19:30,집현관,503,수요일
1435,19:30,20:00,집현관,503,수요일
1436,20:00,20:30,집현관,503,수요일
1437,20:30,21:00,집현관,503,수요일
1438,21:00,21:30,집현관,503,수요일
1439,21:30,22:00,집현관,503,수요일
1440,9:00,9:30,집현관,503,목요일
1441,9:30,10:00,집현관,503,목요일
1442,10:00,10:30,집현관,503,목요일
1443,12:00,12:30,집현관,503,목요일
1444,12:30,13:00,집현관,503,목요일
1445,13:00,13:30,집현관,503,목요일
1446,13:30,14:00,집현관,503,목요일
1447,14:00,14:30,집현관,503,목요일
1448,14:30,15:00,집현관,503,목요일
1449,18:00,18:30,집현관,503,목요일
1450,18:30,19:00,집현관,503,목요일
1451,19:00,19:30,집현관,503,목요일
1452,19:30,20:00,집현관,503,목요일
1453,20:00,20:30,집현관,503,목요일
1454,20:30,21:00,집현관,503,목요일
1455,21:00,21:30,집현관,503,목요일
1456,21:30,22:00,집현관,503,목요일
1457,9:00,9:30,집현관,503,금요일
1458,9:30,10:00,집현관,503,금요일
1459,10:00,10:30,집현관,503,금요일
1460,10:30,11:00,집현관,503,금요일
1461,11:00,11:30,집현관,503,금요일
1462,11:30,12:00,집현관,503,금요일
1463,18:00,18:30,집현관,503,금요일
1464,18:30,19:00,집현관,503,금요일
1465,19:00,19:30,집현관,503,금요일
1466,19:30,20:00,집현관,503,금요일
1467,20:00,20:30,집현관,503,금요일
1468,20:30,21:00,집현관,503,금요일
1469,21:00,21:30,집현관,503,금요일
1470,21:30,22:00,집현관,503,금요일
1471,9:00,9:30,대양AI센터,B103,월요일
1472,9:30,10:00,대양AI센터,B103,월요일
1473,10:00,10:30,대양AI센터,B103,월요일
1474,12:00,12:30,대양AI센터,B103,월요일
1475,12:30,13:00,대양AI센터,B103,월요일
1476,13:00,13:30,대양AI센터,B103,월요일
1477,16:30,17:00,대양AI센터,B103,월요일
1478,17:00,17:30,대양AI센터,B103,월요일
1479,17:30,18:00,대양AI센터,B103,월요일
1480,18:00,18:30,대양AI센터,B103,월요일
1481,18:30,19:00,대양AI센터,B103,월요일
1482,19:00,19:30,대양AI센터,B103,월요일
1483,19:30,20:00,대양AI센터,B103,월요일
1484,20:00,20:30,대양AI센터,B103,월요일
1485,20:30,21:00,대양AI센터,B103,월요일
1486,21:00,21:30,대양AI센터,B103,월요일
1487,21:30,22:00,대양AI센터,B103,월요일
1488,9:00,9:30,대양AI센터,B103,화요일
1489,9:30,10:00,대양AI센터,B103,화요일
1490,10:00,10:30,대양AI센터,B103,화요일
1491,9:00,9:30,대양AI센터,B103,수요일
1492,9:30,10:00,대양AI센터,B103,수요일
1493,10:00,10:30,대양AI센터,B103,수요일
1494,12:00,12:30,대양AI센터,B103,수요일
1495,18:00,18:30,대양AI센터,B103,수요일
1496,20:30,21:00,대양AI센터,B103,수요일
1497,21:00,21:30,대양AI센터,B103,수요일
1498,21:30,22:00,대양AI센터,B103,수요일
1499,18:00,18:30,대양AI센터,B103,목요일
1500,21:30,22:00,대양AI센터,B103,목요일
1501,9:00,9:30,대양AI센터,B103,금요일
1502,9:30,10:00,대양AI센터,B103,금요일
1503,10:00,10:30,대양AI센터,B103,금요일
1504,12:00,12:30,대양AI센터,B103,금요일
1505,12:30,13:00,대양AI센터,B103,금요일
1506,13:00,13:30,대양AI센터,B103,금요일
1507,18:00,18:30,대양AI센터,B103,금요일
1508,18:30,19:00,대양AI센터,B103,금요일
1509,19:00,19:30,대양AI센터,B103,금요일
1510,19:30,20:00,대양AI센터,B103,금요일
1511,20:00,20:30,대양AI센터,B103,금요일
1512,20:30,21:00,대양AI센터,B103,금요일
1513,21:00,21:30,대양AI센터,B103,금요일
1514,21:30,22:00,대양AI센터,B103,금요일
1515,9:00,9:30,대양AI센터,B107,월요일
1516,9:30,10:00,대양AI센터,B107,월요일
1517,10:00,10:30,대양AI센터,B107,월요일
1518,12:00,12:30,대양AI센터,B107,월요일
1519,12:30,13:00,대양AI센터,B107,월요일
1520,13:00,13:30,대양AI센터,B107,월요일
1521,17:00,17:30,대양AI센터,B107,월요일
1522,17:30,18:00,대양AI센터,B107,월요일
1523,18:00,18:30,대양AI센터,B107,월요일
1524,18:30,19:00,대양AI센터,B107,월요일
1525,20:30,21:00,대양AI센터,B107,월요일
1526,21:00,21:30,대양AI센터,B107,월요일
1527,21:30,22:00,대양AI센터,B107,월요일
1528,9:00,9:30,대양AI센터,B107,화요일
1529,9:30,10:00,대양AI센터,B107,화요일
1530,12:00,12:30,대양AI센터,B107,화요일
1531,12:30,13:00,대양AI센터,B107,화요일
1532,13:00,13:30,대양AI센터,B107,화요일
1533,16:30,17:00,대양AI센터,B107,화요일
1534,17:00,17:30,대양AI센터,B107,화요일
1535,17:30,18:00,대양AI센터,B107,화요일
1536,18:00,18:30,대양AI센터,B107,화요일
1537,18:30,19:00,대양AI센터,B107,화요일
1538,19:00,19:30,대양AI센터,B107,화요일
1539,19:30,20:00,대양AI센터,B107,화요일
1540,20:00,20:30,대양AI센터,B107,화요일
1541,20:30,21:00,대양AI센터,B107,화요일
1542,21:00,21:30,대양AI센터,B107,화요일
1543,21:30,22:00,대양AI센터,B107,화요일
1544,9:00,9:30,대양AI센터,B107,수요일
1545,9:30,10:00,대양AI센터,B107,수요일
1546,10:00,10:30,대양AI센터,B107,수요일
1547,12:00,12:30,대양AI센터,B107,수요일
1548,12:30,13:00,대양AI센터,B107,수요일
1549,13:00,13:30,대양AI센터,B107,수요일
1550,21:00,21:30,대양AI센터,B107,수요일
1551,21:30,22:00,대양AI센터,B107,수요일
1552,12:00,12:30,대양AI센터,B107,목요일
1553,12:30,13:00,대양AI센터,B107,목요일
1554,9:00,9:30,대양AI센터,B107,금요일
1555,9:30,10:00,대양AI센터,B107,금요일
1556,10:00,10:30,대양AI센터,B107,금요일
1557,12:00,12:30,대양AI센터,B107,금요일
1558,12:30,13:00,대양AI센터,B107,금요일
1559,13:00,13:30,대양AI센터,B107,금요일
1560,19:00,19:30,대양AI센터,B107,금요일
1561,19:30,20:00,대양AI센터,B107,금요일
1562,20:00,20:30,대양AI센터,B107,금요일
1563,20:30,21:00,대양AI센터,B107,금요일
1564,21:00,21:30,대양AI센터,B107,금요일
1565,21:30,22:00,대양AI센터,B107,금요일
1566,9:00,9:30,대양AI센터,B109,월요일
1567,9:30,10:00,대양AI센터,B109,월요일
1568,10:00,10:30,대양AI센터,B109,월요일
1569,12:00,12:30,대양AI센터,B109,월요일
1570,12:30,13:00,대양AI센터,B109,월요일
1571,13:00,13:30,대양AI센터,B109,월요일
1572,16:30,17:00,대양AI센터,B109,월요일
1573,19:00,19:30,대양AI센터,B109,월요일
1574,19:30,20:00,대양AI센터,B109,월요일
1575,20:00,20:30,대양AI센터,B109,월요일
1576,20:30,21:00,대양AI센터,B109,월요일
1577,21:00,21:30,대양AI센터,B109,월요일
1578,21:30,22:00,대양AI센터,B109,월요일
1579,12:00,12:30,대양AI센터,B109,화요일
1580,12:30,13:00,대양AI센터,B109,화요일
1581,19:00,19:30,대양AI센터,B109,화요일
1582,21:00,21:30,대양AI센터,B109,화요일
1583,21:30,22:00,대양AI센터,B109,화요일
1584,9:00,9:30,대양AI센터,B109,수요일
1585,9:30,10:00,대양AI센터,B109,수요일
1586,10:00,10:30,대양AI센터,B109,수요일
1587,12:00,12:30,대양AI센터,B109,수요일
1588,12:30,13:00,대양AI센터,B109,수요일
1589,13:00,13:30,대양AI센터,B109,수요일
1590,16:30,17:00,대양AI센터,B109,수요일
1591,21:00,21:30,대양AI센터,B109,수요일
1592,21:30,22:00,대양AI센터,B109,수요일
1593,12:00,12:30,대양AI센터,B109,목요일
1594,16:30,17:00,대양AI센터,B109,목요일
1595,21:00,21:30,대양AI센터,B109,목요일
1596,21:30,22:00,대양AI센터,B109,목요일
1597,9:00,9:30,대양AI센터,B109,금요일
1598,9:30,10:00,대양AI센터,B109,금요일
1599,10:00,10:30,대양AI센터,B109,금요일
1600,10:30,11:00,대양AI센터,B109,금요일
1601,11:00,11:30,대양AI센터,B109,금요일
1602,11:30,12:00,대양AI센터,B109,금요일
1603,19:00,19:30,대양AI센터,B109,금요일
1604,19:30,20:00,대양AI센터,B109,금요일
1605,20:00,20:30,대양AI센터,B109,금요일
1606,20:30,21:00,대양AI센터,B109,금요일
1607,21:00,21:30,대양AI센터,B109,금요일
1608,21:30,22:00,대양AI센터,B109,금요일
1609,13:00,13:30,대양AI센터,B116,월요일
1610,13:30,14:00,대양AI센터,B116,월요일
1611,19:00,19:30,대양AI센터,B116,월요일
1612,19:30,20:00,대양AI센터,B116,월요일
1613,21:00,21:30,대양AI센터,B116,월요일
1614,21:30,22:00,대양AI센터,B116,월요일
1615,13:00,13:30,대양AI센터,B116,화요일
1616,13:30,14:00,대양AI센터,B116,화요일
1617,14:00,14:30,대양AI센터,B116,화요일
1618,14:30,15:00,대양AI센터,B116,화요일
1619,15:00,15:30,대양AI센터,B116,화요일
1620,15:30,16:00,대양AI센터,B116,화요일
1621,16:00,16:30,대양AI센터,B116,화요일
1622,16:30,17:00,대양AI센터,B116,화요일
1623,17:00,17:30,대양AI센터,B116,화요일
1624,17:30,18:00,대양AI센터,B116,화요일
1625,18:00,18:30,대양AI센터,B116,화요일
1626,18:30,19:00,대양AI센터,B116,화요일
1627,18:00,18:30,대양AI센터,B116,수요일
1628,18:30,19:00,대양AI센터,B116,수요일
1629,13:00,13:30,대양AI센터,B116,목요일
1630,13:30,14:00,대양AI센터,B116,목요일
1631,9:00,9:30,대양AI센터,B116,금요일
1632,9:30,10:00,대양AI센터,B116,금요일
1633,10:00,10:30,대양AI센터,B116,금요일
1634,10:30,11:00,대양AI센터,B116,금요일
1635,13:00,13:30,대양AI센터,B116,금요일
1636,13:30,14:00,대양AI센터,B116,금요일
1637,14:00,14:30,대양AI센터,B116,금요일
1638,14:30,15:00,대양AI센터,B116,금요일
1639,15:00,15:30,대양AI센터,B116,금요일
1640,15:30,16:00,대양AI센터,B116,금요일
1641,16:00,16:30,대양AI센터,B116,금요일
1642,16:30,17:00,대양AI센터,B116,금요일
1643,17:00,17:30,대양AI센터,B116,금요일
1644,17:30,18:00,대양AI센터,B116,금요일
1645,18:00,18:30,대양AI센터,B116,금요일
1646,18:30,19:00,대양AI센터,B116,금요일
1647,19:00,19:30,대양AI센터,B116,금요일
1648,19:30,20:00,대양AI센터,B116,금요일
1649,20:00,20:30,대양AI센터,B116,금요일
1650,21:00,21:30,대양AI센터,B116,금요일
1651,21:30,22:00,대양AI센터,B116,금요일
1652,13:30,14:00,대양AI센터,B205,월요일
1653,14:00,14:30,대양AI센터,B205,월요일
1654,14:30,15:00,대양AI센터,B205,월요일
1655,19:00,19:30,대양AI센터,B205,월요일
1656,19:30,20:00,대양AI센터,B205,월요일
1657,20:00,20:30,대양AI센터,B205,월요일
1658,21:00,21:30,대양AI센터,B205,월요일
1659,21:30,22:00,대양AI센터,B205,월요일
1660,20:00,20:30,대양AI센터,B205,화요일
1661,21:00,21:30,대양AI센터,B205,화요일
1662,21:30,22:00,대양AI센터,B205,화요일
1663,19:30,20:00,대양AI센터,B205,수요일
1664,20:00,20:30,대양AI센터,B205,수요일
1665,21:00,21:30,대양AI센터,B205,수요일
1666,21:30,22:00,대양AI센터,B205,수요일
1667,9:00,9:30,대양AI센터,B205,금요일
1668,9:30,10:00,대양AI센터,B205,금요일
1669,10:00,10:30,대양AI센터,B205,금요일
1670,12:30,13:00,대양AI센터,B205,금요일
1671,13:00,13:30,대양AI센터,B205,금요일
1672,15:00,15:30,대양AI센터,B205,금요일
1673,15:30,16:00,대양AI센터,B205,금요일
1674,16:00,16:30,대양AI센터,B205,금요일
1675,16:30,17:00,대양AI센터,B205,금요일
1676,17:00,17:30,대양AI센터,B205,금요일
1677,17:30,18:00,대양AI센터,B205,금요일
1678,18:00,18:30,대양AI센터,B205,금요일
1679,18:30,19:00,대양AI센터,B205,금요일
1680,19:00,19:30,대양AI센터,B205,금요일
1681,19:30,20:00,대양AI센터,B205,금요일
1682,20:00,20:30,대양AI센터,B205,금요일
1683,21:00,21:30,대양AI센터,B205,금요일
1684,21:30,22:00,대양AI센터,B205,금요일
1685,9:00,9:30,대양AI센터,B209,월요일
1686,9:30,10:00,대양AI센터,B209,월요일
1687,10:00,10:30,대양AI센터,B209,월요일
1688,12:00,12:30,대양AI센터,B209,월요일
1689,12:30,13:00,대양AI센터,B209,월요일
1690,13:00,13:30,대양AI센터,B209,월요일
1691,21:00,21:30,대양AI센터,B209,월요일
1692,21:30,22:00,대양AI센터,B209,월요일
1693,9:00,9:30,대양AI센터,B209,화요일
1694,9:30,10:00,대양AI센터,B209,화요일
1695,10:00,10:30,대양AI센터,B209,화요일
1696,15:30,16:00,대양AI센터,B209,화요일
1697,9:00,9:30,대양AI센터,B209,수요일
1698,9:30,10:00,대양AI센터,B209,수요일
1699,10:00,10:30,대양AI센터,B209,수요일
1700,13:00,13:30,대양AI센터,B209,수요일
1701,21:00,21:30,대양AI센터,B209,수요일
1702,21:30,22:00,대양AI센터,B209,수요일
1703,9:00,9:30,대양AI센터,B209,목요일
1704,9:30,10:00,대양AI센터,B209,목요일
1705,10:00,10:30,대양AI센터,B209,목요일
1706,13:30,14:00,대양AI센터,B209,목요일
1707,14:00,14:30,대양AI센터,B209,목요일
1708,14:30,15:00,대양AI센터,B209,목요일
1709,16:00,16:30,대양AI센터,B209,목요일
1710,16:30,17:00,대양AI센터,B209,목요일
1711,18:00,18:30,대양AI센터,B209,목요일
1712,19:30,20:00,대양AI센터,B209,목요일
1713,20:00,20:30,대양AI센터,B209,목요일
1714,20:30,21:00,대양AI센터,B209,목요일
1715,21:00,21:30,대양AI센터,B209,목요일
1716,21:30,22:00,대양AI센터,B209,목요일
1717,9:00,9:30,대양AI센터,B209,금요일
1718,9:30,10:00,대양AI센터,B209,금요일
1719,10:00,10:30,대양AI센터,B209,금요일
1720,10:30,11:00,대양AI센터,B209,금요일
1721,11:00,11:30,대양AI센터,B209,금요일
1722,11:30,12:00,대양AI센터,B209,금요일
1723,12:00,12:30,대양AI센터,B209,금요일
1724,12:30,13:00,대양AI센터,B209,금요일
1725,14:00,14:30,대양AI센터,B209,금요일
1726,14:30,15:00,대양AI센터,B209,금요일
1727,15:00,15:30,대양AI센터,B209,금요일
1728,15:30,16:00,대양AI센터,B209,금요일
1729,16:00,16:30,대양AI센터,B209,금요일
1730,16:30,17:00,대양AI센터,B209,금요일
1731,20:30,21:00,대양AI센터,B209,금요일
1732,21:00,21:30,대양AI센터,B209,금요일
1733,21:30,22:00,대양AI센터,B209,금요일
1734,10:30,11:00,광개토관,102,월요일
1735,16:30,17:00,광개토관,102,월요일
1736,17:00,17:30,광개토관,102,월요일
1737,17:30,18:00,광개토관,102,월요일
1738,20:00,20:30,광개토관,102,월요일
1739,20:30,21:00,광개토관,102,월요일
1740,21:00,21:30,광개토관,102,월요일
1741,21:30,22:00,광개토관,102,월요일
1742,20:00,20:30,광개토관,102,화요일
1743,20:30,21:00,광개토관,102,화요일
1744,21:00,21:30,광개토관,102,화요일
1745,21:30,22:00,광개토관,102,화요일
1746,16:30,17:00,광개토관,102,수요일
1747,17:00,17:30,광개토관,102,수요일
1748,17:30,18:00,광개토관,102,수요일
1749,18:00,18:30,광개토관,102,수요일
1750,20:30,21:00,광개토관,102,수요일
1751,21:00,21:30,광개토관,102,수요일
1752,21:30,22:00,광개토관,102,수요일
1753,18:00,18:30,광개토관,102,목요일
1754,18:30,19:00,광개토관,102,목요일
1755,19:00,19:30,광개토관,102,목요일
1756,19:30,20:00,광개토관,102,목요일
1757,20:00,20:30,광개토관,102,목요일
1758,20:30,21:00,광개토관,102,목요일
1759,21:00,21:30,광개토관,102,목요일
1760,21:30,22:00,광개토관,102,목요일
1761,9:00,9:30,광개토관,102,금요일
1762,9:30,10:00,광개토관,102,금요일
1763,10:00,10:30,광개토관,102,금요일
1764,16:00,16:30,광개토관,102,금요일
1765,20:00,20:30,광개토관,102,금요일
1766,20:30,21:00,광개토관,102,금요일
1767,21:00,21:30,광개토관,102,금요일
1768,21:30,22:00,광개토관,102,금요일
1769,18:00,18:30,광개토관,106,월요일
1770,18:30,19:00,광개토관,106,월요일
1771,19:00,19:30,광개토관,106,월요일
1772,19:30,20:00,광개토관,106,월요일
1773,20:00,20:30,광개토관,106,월요일
1774,20:30,21:00,광개토관,106,월요일
1775,21:00,21:30,광개토관,106,월요일
1776,21:30,22:00,광개토관,106,월요일
1777,21:00,21:30,광개토관,106,화요일
1778,21:30,22:00,광개토관,106,화요일
1779,18:00,18:30,광개토관,106,수요일
1780,18:30,19:00,광개토관,106,수요일
1781,20:00,20:30,광개토관,106,목요일
1782,20:30,21:00,광개토관,106,목요일
1783,21:00,21:30,광개토관,106,목요일
1784,21:30,22:00,광개토관,106,목요일
1785,9:00,9:30,광개토관,106,금요일
1786,9:30,10:00,광개토관,106,금요일
1787,10:00,10:30,광개토관,106,금요일
1788,10:30,11:00,광개토관,106,금요일
1789,11:00,11:30,광개토관,106,금요일
1790,11:30,12:00,광개토관,106,금요일
1791,15:00,15:30,광개토관,106,금요일
1792,15:30,16:00,광개토관,106,금요일
1793,16:00,16:30,광개토관,106,금요일
1794,16:30,17:00,광개토관,106,금요일
1795,17:00,17:30,광개토관,106,금요일
1796,17:30,18:00,광개토관,106,금요일
1797,18:00,18:30,광개토관,106,금요일
1798,18:30,19:00,광개토관,106,금요일
1799,19:00,19:30,광개토관,106,금요일
1800,19:30,20:00,광개토관,106,금요일
1801,20:00,20:30,광개토관,106,금요일
1802,20:30,21:00,광개토관,106,금요일
1803,21:00,21:30,광개토관,106,금요일
1804,21:30,22:00,광개토관,106,금요일
1805,19:00,19:30,광개토관,110,월요일
1806,19:30,20:00,광개토관,110,월요일
1807,20:00,20:30,광개토관,110,월요일
1808,20:30,21:00,광개토관,110,월요일
1809,21:00,21:30,광개토관,110,월요일
1810,21:30,22:00,광개토관,110,월요일
1811,9:00,9:30,광개토관,110,화요일
1812,9:30,10:00,광개토관,110,화요일
1813,16:30,17:00,광개토관,110,화요일
1814,17:00,17:30,광개토관,110,화요일
1815,17:30,18:00,광개토관,110,화요일
1816,19:30,20:00,광개토관,110,화요일
1817,20:00,20:30,광개토관,110,화요일
1818,20:30,21:00,광개토관,110,화요일
1819,21:00,21:30,광개토관,110,화요일
1820,21:30,22:00,광개토관,110,화요일
1821,9:00,9:30,광개토관,110,수요일
1822,9:30,10:00,광개토관,110,수요일
1823,10:00,10:30,광개토관,110,수요일
1824,10:30,11:00,광개토관,110,수요일
1825,11:00,11:30,광개토관,110,수요일
1826,11:30,12:00,광개토관,110,수요일
1827,18:00,18:30,광개토관,110,수요일
1828,18:30,19:00,광개토관,110,수요일
1829,19:00,19:30,광개토관,110,수요일
1830,19:30,20:00,광개토관,110,수요일
1831,20:00,20:30,광개토관,110,수요일
1832,20:30,21:00,광개토관,110,수요일
1833,21:00,21:30,광개토관,110,수요일
1834,21:30,22:00,광개토관,110,수요일
1835,9:00,9:30,광개토관,110,목요일
1836,9:30,10:00,광개토관,110,목요일
1837,16:30,17:00,광개토관,110,목요일
1838,17:00,17:30,광개토관,110,목요일
1839,17:30,18:00,광개토관,110,목요일
1840,19:30,20:00,광개토관,110,목요일
1841,20:00,20:30,광개토관,110,목요일
1842,20:30,21:00,광개토관,110,목요일
1843,21:00,21:30,광개토관,110,목요일
1844,21:30,22:00,광개토관,110,목요일
1845,12:00,12:30,광개토관,110,금요일
1846,12:30,13:00,광개토관,110,금요일
1847,13:00,13:30,광개토관,110,금요일
1848,13:30,14:00,광개토관,110,금요일
1849,14:00,14:30,광개토관,110,금요일
1850,14:30,15:00,광개토관,110,금요일
1851,15:00,15:30,광개토관,110,금요일
1852,15:30,16:00,광개토관,110,금요일
1853,16:00,16:30,광개토관,110,금요일
1854,16:30,17:00,광개토관,110,금요일
1855,17:00,17:30,광개토관,110,금요일
1856,17:30,18:00,광개토관,110,금요일
1857,18:00,18:30,광개토관,110,금요일
1858,18:30,19:00,광개토관,110,금요일
1859,19:00,19:30,광개토관,110,금요일
1860,19:30,20:00,광개토관,110,금요일
1861,20:00,20:30,광개토관,110,금요일
1862,20:30,21:00,광개토관,110,금요일
1863,21:00,21:30,광개토관,110,금요일
1864,21:30,22:00,광개토관,110,금요일
1865,9:00,9:30,광개토관,1120B,월요일
1866,9:30,10:00,광개토관,1120B,월요일
1867,10:00,10:30,광개토관,1120B,월요일
1868,12:30,13:00,광개토관,1120B,월요일
1869,13:00,13:30,광개토관,1120B,월요일
1870,13:30,14:00,광개토관,1120B,월요일
1871,14:00,14:30,광개토관,1120B,월요일
1872,14:30,15:00,광개토관,1120B,월요일
1873,18:00,18:30,광개토관,1120B,월요일
1874,18:30,19:00,광개토관,1120B,월요일
1875,19:00,19:30,광개토관,1120B,월요일
1876,19:30,20:00,광개토관,1120B,월요일
1877,20:00,20:30,광개토관,1120B,월요일
1878,20:30,21:00,광개토관,1120B,월요일
1879,21:00,21:30,광개토관,1120B,월요일
1880,21:30,22:00,광개토관,1120B,월요일
1881,9:00,9:30,광개토관,1120B,화요일
1882,9:30,10:00,광개토관,1120B,화요일
1883,10:00,10:30,광개토관,1120B,화요일
1884,16:30,17:00,광개토관,1120B,화요일
1885,17:00,17:30,광개토관,1120B,화요일
1886,17:30,18:00,광개토관,1120B,화요일
1887,18:00,18:30,광개토관,1120B,화요일
1888,18:30,19:00,광개토관,1120B,화요일
1889,19:00,19:30,광개토관,1120B,화요일
1890,19:30,20:00,광개토관,1120B,화요일
1891,20:00,20:30,광개토관,1120B,화요일
1892,20:30,21:00,광개토관,1120B,화요일
1893,21:00,21:30,광개토관,1120B,화요일
1894,21:30,22:00,광개토관,1120B,화요일
1895,9:00,9:30,광개토관,1120B,수요일
1896,9:30,10:00,광개토관,1120B,수요일
1897,10:00,10:30,광개토관,1120B,수요일
1898,12:30,13:00,광개토관,1120B,수요일
1899,13:00,13:30,광개토관,1120B,수요일
1900,21:00,21:30,광개토관,1120B,수요일
1901,21:30,22:00,광개토관,1120B,수요일
1902,9:00,9:30,광개토관,1120B,목요일
1903,9:30,10:00,광개토관,1120B,목요일
1904,10:00,10:30,광개토관,1120B,목요일
1905,16:30,17:00,광개토관,1120B,목요일
1906,17:00,17:30,광개토관,1120B,목요일
1907,17:30,18:00,광개토관,1120B,목요일
1908,18:00,18:30,광개토관,1120B,목요일
1909,18:30,19:00,광개토관,1120B,목요일
1910,19:00,19:30,광개토관,1120B,목요일
1911,19:30,20:00,광개토관,1120B,목요일
1912,20:00,20:30,광개토관,1120B,목요일
1913,20:30,21:00,광개토관,1120B,목요일
1914,21:00,21:30,광개토관,1120B,목요일
1915,21:30,22:00,광개토관,1120B,목요일
1916,9:00,9:30,광개토관,1120B,금요일
1917,9:30,10:00,광개토관,1120B,금요일
1918,10:00,10:30,광개토관,1120B,금요일
1919,10:30,11:00,광개토관,1120B,금요일
1920,11:00,11:30,광개토관,1120B,금요일
1921,11:30,12:00,광개토관,1120B,금요일
1922,12:00,12:30,광개토관,1120B,금요일
1923,12:30,13:00,광개토관,1120B,금요일
1924,13:00,13:30,광개토관,1120B,금요일
1925,15:00,15:30,광개토관,1120B,금요일
1926,15:30,16:00,광개토관,1120B,금요일
1927,16:00,16:30,광개토관,1120B,금요일
1928,16:30,17:00,광개토관,1120B,금요일
1929,17:00,17:30,광개토관,1120B,금요일
1930,17:30,18:00,광개토관,1120B,금요일
1931,18:00,18:30,광개토관,1120B,금요일
1932,18:30,19:00,광개토관,1120B,금요일
1933,9:00,9:30,광개토관,201,월요일
1934,9:30,10:00,광개토관,201,월요일
1935,21:00,21:30,광개토관,201,월요일
1936,21:30,22:00,광개토관,201,월요일
1937,19:00,19:30,광개토관,201,화요일
1938,19:30,20:00,광개토관,201,화요일
1939,20:00,20:30,광개토관,201,화요일
1940,20:30,21:00,광개토관,201,화요일
1941,21:00,21:30,광개토관,201,화요일
1942,21:30,22:00,광개토관,201,화요일
1943,9:00,9:30,광개토관,201,수요일
1944,9:30,10:00,광개토관,201,수요일
1945,21:00,21:30,광개토관,201,수요일
1946,21:30,22:00,광개토관,201,수요일
1947,9:00,9:30,광개토관,201,금요일
1948,9:30,10:00,광개토관,201,금요일
1949,10:00,10:30,광개토관,201,금요일
1950,10:30,11:00,광개토관,201,금요일
1951,11:00,11:30,광개토관,201,금요일
1952,11:30,12:00,광개토관,201,금요일
1953,18:00,18:30,광개토관,201,금요일
1954,18:30,19:00,광개토관,201,금요일
1955,21:00,21:30,광개토관,201,금요일
1956,21:30,22:00,광개토관,201,금요일
1957,9:00,9:30,광개토관,202,월요일
1958,9:30,10:00,광개토관,202,월요일
1959,10:00,10:30,광개토관,202,월요일
1960,12:00,12:30,광개토관,202,월요일
1961,12:30,13:00,광개토관,202,월요일
1962,13:00,13:30,광개토관,202,월요일
1963,16:30,17:00,광개토관,202,월요일
1964,17:00,17:30,광개토관,202,월요일
1965,17:30,18:00,광개토관,202,월요일
1966,16:30,17:00,광개토관,202,화요일
1967,17:00,17:30,광개토관,202,화요일
1968,17:30,18:00,광개토관,202,화요일
1969,19:00,19:30,광개토관,202,화요일
1970,19:30,20:00,광개토관,202,화요일
1971,20:00,20:30,광개토관,202,화요일
1972,20:30,21:00,광개토관,202,화요일
1973,21:00,21:30,광개토관,202,화요일
1974,21:30,22:00,광개토관,202,화요일
1975,9:00,9:30,광개토관,202,수요일
1976,9:30,10:00,광개토관,202,수요일
1977,10:00,10:30,광개토관,202,수요일
1978,12:00,12:30,광개토관,202,수요일
1979,12:30,13:00,광개토관,202,수요일
1980,13:00,13:30,광개토관,202,수요일
1981,16:30,17:00,광개토관,202,수요일
1982,19:30,20:00,광개토관,202,수요일
1983,20:00,20:30,광개토관,202,수요일
1984,20:30,21:00,광개토관,202,수요일
1985,21:00,21:30,광개토관,202,수요일
1986,21:30,22:00,광개토관,202,수요일
1987,16:30,17:00,광개토관,202,목요일
1988,18:00,18:30,광개토관,202,금요일
1989,18:30,19:00,광개토관,202,금요일
1990,19:00,19:30,광개토관,202,금요일
1991,19:30,20:00,광개토관,202,금요일
1992,20:00,20:30,광개토관,202,금요일
1993,20:30,21:00,광개토관,202,금요일
1994,21:00,21:30,광개토관,202,금요일
1995,21:30,22:00,광개토관,202,금요일
1996,12:00,12:30,광개토관,203,월요일
1997,12:30,13:00,광개토관,203,월요일
1998,13:00,13:30,광개토관,203,월요일
1999,18:00,18:30,광개토관,203,월요일
2000,18:30,19:00,광개토관,203,월요일
2001,19:00,19:30,광개토관,203,월요일
2002,19:30,20:00,광개토관,203,월요일
2003,20:00,20:30,광개토관,203,월요일
2004,20:30,21:00,광개토관,203,월요일
2005,21:00,21:30,광개토관,203,월요일
2006,21:30,22:00,광개토관,203,월요일
2007,12:00,12:30,광개토관,203,화요일
2008,12:30,13:00,광개토관,203,화요일
2009,13:00,13:30,광개토관,203,화요일
2010,21:00,21:30,광개토관,203,화요일
2011,21:30,22:00,광개토관,203,화요일
2012,12:00,12:30,광개토관,203,수요일
2013,12:30,13:00,광개토관,203,수요일
2014,13:00,13:30,광개토관,203,수요일
2015,18:00,18:30,광개토관,203,수요일
2016,19:30,20:00,광개토관,203,수요일
2017,12:00,12:30,광개토관,203,목요일
2018,12:30,13:00,광개토관,203,목요일
2019,13:00,13:30,광개토관,203,목요일
2020,21:00,21:30,광개토관,203,목요일
2021,21:30,22:00,광개토관,203,목요일
2022,15:00,15:30,광개토관,203,금요일
2023,15:30,16:00,광개토관,203,금요일
2024,16:00,16:30,광개토관,203,금요일
2025,16:30,17:00,광개토관,203,금요일
2026,20:00,20:30,광개토관,203,금요일
2027,20:30,21:00,광개토관,203,금요일
2028,21:00,21:30,광개토관,203,금요일
2029,21:30,22:00,광개토관,203,금요일
2030,12:00,12:30,광개토관,204,월요일
2031,12:30,13:00,광개토관,204,월요일
2032,13:00,13:30,광개토관,204,월요일
2033,16:30,17:00,광개토관,204,월요일
2034,17:00,17:30,광개토관,204,월요일
2035,17:30,18:00,광개토관,204,월요일
2036,19:00,19:30,광개토관,204,월요일
2037,19:30,20:00,광개토관,204,월요일
2038,20:00,20:30,광개토관,204,월요일
2039,20:30,21:00,광개토관,204,월요일
2040,21:00,21:30,광개토관,204,월요일
2041,21:30,22:00,광개토관,204,월요일
2042,18:00,18:30,광개토관,204,화요일
2043,18:30,19:00,광개토관,204,화요일
2044,19:00,19:30,광개토관,204,화요일
2045,19:30,20:00,광개토관,204,화요일
2046,20:00,20:30,광개토관,204,화요일
2047,20:30,21:00,광개토관,204,화요일
2048,21:00,21:30,광개토관,204,화요일
2049,21:30,22:00,광개토관,204,화요일
2050,12:00,12:30,광개토관,204,수요일
2051,12:30,13:00,광개토관,204,수요일
2052,13:00,13:30,광개토관,204,수요일
2053,16:30,17:00,광개토관,204,수요일
2054,17:00,17:30,광개토관,204,수요일
2055,17:30,18:00,광개토관,204,수요일
2056,18:00,18:30,광개토관,204,수요일
2057,18:30,19:00,광개토관,204,수요일
2058,19:00,19:30,광개토관,204,수요일
2059,19:30,20:00,광개토관,204,수요일
2060,20:00,20:30,광개토관,204,수요일
2061,20:30,21:00,광개토관,204,수요일
2062,21:00,21:30,광개토관,204,수요일
2063,21:30,22:00,광개토관,204,수요일
2064,18:00,18:30,광개토관,204,목요일
2065,18:30,19:00,광개토관,204,목요일
2066,19:00,19:30,광개토관,204,목요일
2067,19:30,20:00,광개토관,204,목요일
2068,20:00,20:30,광개토관,204,목요일
2069,20:30,21:00,광개토관,204,목요일
2070,21:00,21:30,광개토관,204,목요일
2071,21:30,22:00,광개토관,204,목요일
2072,9:00,9:30,광개토관,204,금요일
2073,9:30,10:00,광개토관,204,금요일
2074,10:00,10:30,광개토관,204,금요일
2075,10:30,11:00,광개토관,204,금요일
2076,11:00,11:30,광개토관,204,금요일
2077,11:30,12:00,광개토관,204,금요일
2078,18:00,18:30,광개토관,204,금요일
2079,18:30,19:00,광개토관,204,금요일
2080,19:00,19:30,광개토관,204,금요일
2081,19:30,20:00,광개토관,204,금요일
2082,20:00,20:30,광개토관,204,금요일
2083,20:30,21:00,광개토관,204,금요일
2084,21:00,21:30,광개토관,204,금요일
2085,21:30,22:00,광개토관,204,금요일
2086,9:00,9:30,광개토관,205,월요일
2087,9:30,10:00,광개토관,205,월요일
2088,10:00,10:30,광개토관,205,월요일
2089,10:30,11:00,광개토관,205,월요일
2090,11:00,11:30,광개토관,205,월요일
2091,11:30,12:00,광개토관,205,월요일
2092,12:00,12:30,광개토관,205,월요일
2093,12:30,13:00,광개토관,205,월요일
2094,13:00,13:30,광개토관,205,월요일
2095,16:30,17:00,광개토관,205,월요일
2096,17:00,17:30,광개토관,205,월요일
2097,17:30,18:00,광개토관,205,월요일
2098,19:00,19:30,광개토관,205,월요일
2099,19:30,20:00,광개토관,205,월요일
2100,20:00,20:30,광개토관,205,월요일
2101,20:30,21:00,광개토관,205,월요일
2102,21:00,21:30,광개토관,205,월요일
2103,21:30,22:00,광개토관,205,월요일
2104,15:00,15:30,광개토관,205,화요일
2105,15:30,16:00,광개토관,205,화요일
2106,19:00,19:30,광개토관,205,화요일
2107,19:30,20:00,광개토관,205,화요일
2108,20:00,20:30,광개토관,205,화요일
2109,20:30,21:00,광개토관,205,화요일
2110,21:00,21:30,광개토관,205,화요일
2111,21:30,22:00,광개토관,205,화요일
2112,9:00,9:30,광개토관,205,수요일
2113,9:30,10:00,광개토관,205,수요일
2114,10:00,10:30,광개토관,205,수요일
2115,10:30,11:00,광개토관,205,수요일
2116,13:00,13:30,광개토관,205,수요일
2117,16:30,17:00,광개토관,205,수요일
2118,17:00,17:30,광개토관,205,수요일
2119,17:30,18:00,광개토관,205,수요일
2120,18:00,18:30,광개토관,205,수요일
2121,18:30,19:00,광개토관,205,수요일
2122,18:00,18:30,광개토관,205,목요일
2123,18:30,19:00,광개토관,205,목요일
2124,19:00,19:30,광개토관,205,목요일
2125,19:30,20:00,광개토관,205,목요일
2126,20:00,20:30,광개토관,205,목요일
2127,20:30,21:00,광개토관,205,목요일
2128,21:00,21:30,광개토관,205,목요일
2129,21:30,22:00,광개토관,205,목요일
2130,9:00,9:30,광개토관,205,금요일
2131,9:30,10:00,광개토관,205,금요일
2132,10:00,10:30,광개토관,205,금요일
2133,10:30,11:00,광개토관,205,금요일
2134,11:00,11:30,광개토관,205,금요일
2135,11:30,12:00,광개토관,205,금요일
2136,12:00,12:30,광개토관,205,금요일
2137,12:30,13:00,광개토관,205,금요일
2138,13:00,13:30,광개토관,205,금요일
2139,13:30,14:00,광개토관,205,금요일
2140,14:00,14:30,광개토관,205,금요일
2141,14:30,15:00,광개토관,205,금요일
2142,15:00,15:30,광개토관,205,금요일
2143,15:30,16:00,광개토관,205,금요일
2144,16:00,16:30,광개토관,205,금요일
2145,16:30,17:00,광개토관,205,금요일
2146,17:00,17:30,광개토관,205,금요일
2147,17:30,18:00,광개토관,205,금요일
2148,18:00,18:30,광개토관,205,금요일
2149,18:30,19:00,광개토관,205,금요일
2150,19:00,19:30,광개토관,205,금요일
2151,19:30,20:00,광개토관,205,금요일
2152,20:00,20:30,광개토관,205,금요일
2153,20:30,21:00,광개토관,205,금요일
2154,21:00,21:30,광개토관,205,금요일
2155,21:30,22:00,광개토관,205,금요일
2156,12:00,12:30,광개토관,206,월요일
2157,12:30,13:00,광개토관,206,월요일
2158,16:00,16:30,광개토관,206,월요일
2159,16:30,17:00,광개토관,206,월요일
2160,20:00,20:30,광개토관,206,월요일
2161,20:30,21:00,광개토관,206,월요일
2162,21:00,21:30,광개토관,206,월요일
2163,21:30,22:00,광개토관,206,월요일
2164,12:00,12:30,광개토관,206,화요일
2165,12:30,13:00,광개토관,206,화요일
2166,12:00,12:30,광개토관,206,수요일
2167,12:30,13:00,광개토관,206,수요일
2168,12:00,12:30,광개토관,206,목요일
2169,12:30,13:00,광개토관,206,목요일
2170,9:00,9:30,광개토관,206,금요일
2171,9:30,10:00,광개토관,206,금요일
2172,13:00,13:30,광개토관,206,금요일
2173,13:30,14:00,광개토관,206,금요일
2174,14:00,14:30,광개토관,206,금요일
2175,14:30,15:00,광개토관,206,금요일
2176,15:00,15:30,광개토관,206,금요일
2177,15:30,16:00,광개토관,206,금요일
2178,16:00,16:30,광개토관,206,금요일
2179,16:30,17:00,광개토관,206,금요일
2180,20:00,20:30,광개토관,206,금요일
2181,20:30,21:00,광개토관,206,금요일
2182,21:00,21:30,광개토관,206,금요일
2183,21:30,22:00,광개토관,206,금요일
2184,9:00,9:30,광개토관,207,월요일
2185,9:30,10:00,광개토관,207,월요일
2186,10:00,10:30,광개토관,207,월요일
2187,12:00,12:30,광개토관,207,월요일
2188,12:30,13:00,광개토관,207,월요일
2189,13:00,13:30,광개토관,207,월요일
2190,18:00,18:30,광개토관,207,월요일
2191,18:30,19:00,광개토관,207,월요일
2192,19:00,19:30,광개토관,207,월요일
2193,19:30,20:00,광개토관,207,월요일
2194,20:00,20:30,광개토관,207,월요일
2195,20:30,21:00,광개토관,207,월요일
2196,21:00,21:30,광개토관,207,월요일
2197,21:30,22:00,광개토관,207,월요일
2198,16:30,17:00,광개토관,207,화요일
2199,19:00,19:30,광개토관,207,화요일
2200,19:30,20:00,광개토관,207,화요일
2201,20:00,20:30,광개토관,207,화요일
2202,20:30,21:00,광개토관,207,화요일
2203,21:00,21:30,광개토관,207,화요일
2204,21:30,22:00,광개토관,207,화요일
2205,9:00,9:30,광개토관,207,수요일
2206,9:30,10:00,광개토관,207,수요일
2207,10:00,10:30,광개토관,207,수요일
2208,12:00,12:30,광개토관,207,수요일
2209,12:30,13:00,광개토관,207,수요일
2210,13:00,13:30,광개토관,207,수요일
2211,18:00,18:30,광개토관,207,수요일
2212,19:30,20:00,광개토관,207,수요일
2213,20:00,20:30,광개토관,207,수요일
2214,20:30,21:00,광개토관,207,수요일
2215,21:00,21:30,광개토관,207,수요일
2216,21:30,22:00,광개토관,207,수요일
2217,16:30,17:00,광개토관,207,목요일
2218,17:00,17:30,광개토관,207,목요일
2219,18:30,19:00,광개토관,207,목요일
2220,19:00,19:30,광개토관,207,목요일
2221,19:30,20:00,광개토관,207,목요일
2222,20:00,20:30,광개토관,207,목요일
2223,20:30,21:00,광개토관,207,목요일
2224,21:00,21:30,광개토관,207,목요일
2225,21:30,22:00,광개토관,207,목요일
2226,9:00,9:30,광개토관,207,금요일
2227,9:30,10:00,광개토관,207,금요일
2228,10:00,10:30,광개토관,207,금요일
2229,10:30,11:00,광개토관,207,금요일
2230,13:00,13:30,광개토관,207,금요일
2231,13:30,14:00,광개토관,207,금요일
2232,14:00,14:30,광개토관,207,금요일
2233,14:30,15:00,광개토관,207,금요일
2234,18:00,18:30,광개토관,207,금요일
2235,18:30,19:00,광개토관,207,금요일
2236,19:00,19:30,광개토관,207,금요일
2237,19:30,20:00,광개토관,207,금요일
2238,20:00,20:30,광개토관,207,금요일
2239,20:30,21:00,광개토관,207,금요일
2240,21:00,21:30,광개토관,207,금요일
2241,21:30,22:00,광개토관,207,금요일
2242,9:00,9:30,광개토관,208,월요일
2243,9:30,10:00,광개토관,208,월요일
2244,10:00,10:30,광개토관,208,월요일
2245,12:00,12:30,광개토관,208,월요일
2246,12:30,13:00,광개토관,208,월요일
2247,13:00,13:30,광개토관,208,월요일
2248,18:00,18:30,광개토관,208,월요일
2249,18:30,19:00,광개토관,208,월요일
2250,19:00,19:30,광개토관,208,월요일
2251,19:30,20:00,광개토관,208,월요일
2252,20:00,20:30,광개토관,208,월요일
2253,20:30,21:00,광개토관,208,월요일
2254,21:00,21:30,광개토관,208,월요일
2255,21:30,22:00,광개토관,208,월요일
2256,16:30,17:00,광개토관,208,화요일
2257,17:00,17:30,광개토관,208,화요일
2258,17:30,18:00,광개토관,208,화요일
2259,18:00,18:30,광개토관,208,화요일
2260,18:30,19:00,광개토관,208,화요일
2261,19:00,19:30,광개토관,208,화요일
2262,19:30,20:00,광개토관,208,화요일
2263,20:00,20:30,광개토관,208,화요일
2264,20:30,21:00,광개토관,208,화요일
2265,21:00,21:30,광개토관,208,화요일
2266,21:30,22:00,광개토관,208,화요일
2267,9:00,9:30,광개토관,208,수요일
2268,9:30,10:00,광개토관,208,수요일
2269,10:00,10:30,광개토관,208,수요일
2270,12:00,12:30,광개토관,208,수요일
2271,12:30,13:00,광개토관,208,수요일
2272,13:00,13:30,광개토관,208,수요일
2273,18:00,18:30,광개토관,208,수요일
2274,19:30,20:00,광개토관,208,수요일
2275,20:00,20:30,광개토관,208,수요일
2276,20:30,21:00,광개토관,208,수요일
2277,21:00,21:30,광개토관,208,수요일
2278,21:30,22:00,광개토관,208,수요일
2279,19:00,19:30,광개토관,208,목요일
2280,19:30,20:00,광개토관,208,목요일
2281,20:00,20:30,광개토관,208,목요일
2282,20:30,21:00,광개토관,208,목요일
2283,21:00,21:30,광개토관,208,목요일
2284,21:30,22:00,광개토관,208,목요일
2285,9:00,9:30,광개토관,208,금요일
2286,9:30,10:00,광개토관,208,금요일
2287,10:00,10:30,광개토관,208,금요일
2288,10:30,11:00,광개토관,208,금요일
2289,11:00,11:30,광개토관,208,금요일
2290,11:30,12:00,광개토관,208,금요일
2291,15:00,15:30,광개토관,208,금요일
2292,15:30,16:00,광개토관,208,금요일
2293,16:00,16:30,광개토관,208,금요일
2294,16:30,17:00,광개토관,208,금요일
2295,17:00,17:30,광개토관,208,금요일
2296,17:30,18:00,광개토관,208,금요일
2297,18:00,18:30,광개토관,208,금요일
2298,18:30,19:00,광개토관,208,금요일
2299,19:00,19:30,광개토관,208,금요일
2300,19:30,20:00,광개토관,208,금요일
2301,20:00,20:30,광개토관,208,금요일
2302,20:30,21:00,광개토관,208,금요일
2303,21:00,21:30,광개토관,208,금요일
2304,21:30,22:00,광개토관,208,금요일
2305,9:00,9:30,광개토관,209,월요일
2306,9:30,10:00,광개토관,209,월요일
2307,10:00,10:30,광개토관,209,월요일
2308,12:00,12:30,광개토관,209,월요일
2309,12:30,13:00,광개토관,209,월요일
2310,16:30,17:00,광개토관,209,월요일
2311,17:00,17:30,광개토관,209,월요일
2312,17:30,18:00,광개토관,209,월요일
2313,18:00,18:30,광개토관,209,월요일
2314,18:30,19:00,광개토관,209,월요일
2315,19:00,19:30,광개토관,209,월요일
2316,19:30,20:00,광개토관,209,월요일
2317,20:00,20:30,광개토관,209,월요일
2318,20:30,21:00,광개토관,209,월요일
2319,21:00,21:30,광개토관,209,월요일
2320,21:30,22:00,광개토관,209,월요일
2321,16:30,17:00,광개토관,209,화요일
2322,17:00,17:30,광개토관,209,화요일
2323,17:30,18:00,광개토관,209,화요일
2324,18:00,18:30,광개토관,209,화요일
2325,20:30,21:00,광개토관,209,화요일
2326,21:00,21:30,광개토관,209,화요일
2327,21:30,22:00,광개토관,209,화요일
2328,9:00,9:30,광개토관,209,수요일
2329,9:30,10:00,광개토관,209,수요일
2330,10:00,10:30,광개토관,209,수요일
2331,12:00,12:30,광개토관,209,수요일
2332,12:30,13:00,광개토관,209,수요일
2333,16:30,17:00,광개토관,209,수요일
2334,17:00,17:30,광개토관,209,수요일
2335,17:30,18:00,광개토관,209,수요일
2336,18:00,18:30,광개토관,209,수요일
2337,19:30,20:00,광개토관,209,수요일
2338,20:00,20:30,광개토관,209,수요일
2339,20:30,21:00,광개토관,209,수요일
2340,21:00,21:30,광개토관,209,수요일
2341,21:30,22:00,광개토관,209,수요일
2342,16:30,17:00,광개토관,209,목요일
2343,20:00,20:30,광개토관,209,목요일
2344,20:30,21:00,광개토관,209,목요일
2345,21:00,21:30,광개토관,209,목요일
2346,21:30,22:00,광개토관,209,목요일
2347,9:00,9:30,광개토관,209,금요일
2348,9:30,10:00,광개토관,209,금요일
2349,10:00,10:30,광개토관,209,금요일
2350,10:30,11:00,광개토관,209,금요일
2351,11:00,11:30,광개토관,209,금요일
2352,11:30,12:00,광개토관,209,금요일
2353,12:00,12:30,광개토관,209,금요일
2354,12:30,13:00,광개토관,209,금요일
2355,13:00,13:30,광개토관,209,금요일
2356,13:30,14:00,광개토관,209,금요일
2357,14:00,14:30,광개토관,209,금요일
2358,14:30,15:00,광개토관,209,금요일
2359,15:00,15:30,광개토관,209,금요일
2360,15:30,16:00,광개토관,209,금요일
2361,16:00,16:30,광개토관,209,금요일
2362,16:30,17:00,광개토관,209,금요일
2363,17:00,17:30,광개토관,209,금요일
2364,17:30,18:00,광개토관,209,금요일
2365,18:00,18:30,광개토관,209,금요일
2366,18:30,19:00,광개토관,209,금요일
2367,19:00,19:30,광개토관,209,금요일
2368,19:30,20:00,광개토관,209,금요일
2369,20:00,20:30,광개토관,209,금요일
2370,20:30,21:00,광개토관,209,금요일
2371,21:00,21:30,광개토관,209,금요일
2372,21:30,22:00,광개토관,209,금요일
2373,9:00,9:30,광개토관,211,월요일
2374,9:30,10:00,광개토관,211,월요일
2375,10:00,10:30,광개토관,211,월요일
2376,10:30,11:00,광개토관,211,월요일
2377,11:00,11:30,광개토관,211,월요일
2378,11:30,12:00,광개토관,211,월요일
2379,14:00,14:30,광개토관,211,월요일
2380,14:30,15:00,광개토관,211,월요일
2381,15:00,15:30,광개토관,211,월요일
2382,15:30,16:00,광개토관,211,월요일
2383,16:00,16:30,광개토관,211,월요일
2384,16:30,17:00,광개토관,211,월요일
2385,17:00,17:30,광개토관,211,월요일
2386,17:30,18:00,광개토관,211,월요일
2387,18:00,18:30,광개토관,211,월요일
2388,18:30,19:00,광개토관,211,월요일
2389,19:00,19:30,광개토관,211,월요일
2390,19:30,20:00,광개토관,211,월요일
2391,20:00,20:30,광개토관,211,월요일
2392,20:30,21:00,광개토관,211,월요일
2393,21:00,21:30,광개토관,211,월요일
2394,21:30,22:00,광개토관,211,월요일
2395,9:00,9:30,광개토관,211,화요일
2396,9:30,10:00,광개토관,211,화요일
2397,18:00,18:30,광개토관,211,화요일
2398,20:30,21:00,광개토관,211,화요일
2399,21:00,21:30,광개토관,211,화요일
2400,21:30,22:00,광개토관,211,화요일
2401,9:00,9:30,광개토관,211,수요일
2402,9:30,10:00,광개토관,211,수요일
2403,17:00,17:30,광개토관,211,수요일
2404,17:30,18:00,광개토관,211,수요일
2405,18:00,18:30,광개토관,211,수요일
2406,19:30,20:00,광개토관,211,수요일
2407,20:00,20:30,광개토관,211,수요일
2408,20:30,21:00,광개토관,211,수요일
2409,21:00,21:30,광개토관,211,수요일
2410,21:30,22:00,광개토관,211,수요일
2411,9:00,9:30,광개토관,211,목요일
2412,9:30,10:00,광개토관,211,목요일
2413,12:00,12:30,광개토관,211,목요일
2414,12:30,13:00,광개토관,211,목요일
2415,15:00,15:30,광개토관,211,목요일
2416,15:30,16:00,광개토관,211,목요일
2417,16:00,16:30,광개토관,211,목요일
2418,16:30,17:00,광개토관,211,목요일
2419,17:00,17:30,광개토관,211,목요일
2420,17:30,18:00,광개토관,211,목요일
2421,18:00,18:30,광개토관,211,목요일
2422,20:30,21:00,광개토관,211,목요일
2423,21:00,21:30,광개토관,211,목요일
2424,21:30,22:00,광개토관,211,목요일
2425,15:00,15:30,광개토관,211,금요일
2426,15:30,16:00,광개토관,211,금요일
2427,16:00,16:30,광개토관,211,금요일
2428,16:30,17:00,광개토관,211,금요일
2429,17:00,17:30,광개토관,211,금요일
2430,17:30,18:00,광개토관,211,금요일
2431,18:00,18:30,광개토관,211,금요일
2432,18:30,19:00,광개토관,211,금요일
2433,19:00,19:30,광개토관,211,금요일
2434,19:30,20:00,광개토관,211,금요일
2435,20:00,20:30,광개토관,211,금요일
2436,20:30,21:00,광개토관,211,금요일
2437,21:00,21:30,광개토관,211,금요일
2438,21:30,22:00,광개토관,211,금요일
2439,9:00,9:30,광개토관,428,월요일
2440,9:30,10:00,광개토관,428,월요일
2441,10:00,10:30,광개토관,428,월요일
2442,19:00,19:30,광개토관,428,월요일
2443,19:30,20:00,광개토관,428,월요일
2444,20:00,20:30,광개토관,428,월요일
2445,20:30,21:00,광개토관,428,월요일
2446,21:00,21:30,광개토관,428,월요일
2447,21:30,22:00,광개토관,428,월요일
2448,9:00,9:30,광개토관,428,화요일
2449,9:30,10:00,광개토관,428,화요일
2450,10:00,10:30,광개토관,428,화요일
2451,16:30,17:00,광개토관,428,화요일
2452,17:00,17:30,광개토관,428,화요일
2453,17:30,18:00,광개토관,428,화요일
2454,18:00,18:30,광개토관,428,화요일
2455,20:30,21:00,광개토관,428,화요일
2456,21:00,21:30,광개토관,428,화요일
2457,21:30,22:00,광개토관,428,화요일
2458,9:00,9:30,광개토관,428,수요일
2459,9:30,10:00,광개토관,428,수요일
2460,10:00,10:30,광개토관,428,수요일
2461,18:00,18:30,광개토관,428,수요일
2462,18:30,19:00,광개토관,428,수요일
2463,19:00,19:30,광개토관,428,수요일
2464,19:30,20:00,광개토관,428,수요일
2465,20:00,20:30,광개토관,428,수요일
2466,20:30,21:00,광개토관,428,수요일
2467,21:00,21:30,광개토관,428,수요일
2468,21:30,22:00,광개토관,428,수요일
2469,9:00,9:30,광개토관,428,목요일
2470,9:30,10:00,광개토관,428,목요일
2471,10:00,10:30,광개토관,428,목요일
2472,16:30,17:00,광개토관,428,목요일
2473,17:00,17:30,광개토관,428,목요일
2474,17:30,18:00,광개토관,428,목요일
2475,18:00,18:30,광개토관,428,목요일
2476,18:30,19:00,광개토관,428,목요일
2477,19:00,19:30,광개토관,428,목요일
2478,19:30,20:00,광개토관,428,목요일
2479,20:00,20:30,광개토관,428,목요일
2480,20:30,21:00,광개토관,428,목요일
2481,21:00,21:30,광개토관,428,목요일
2482,21:30,22:00,광개토관,428,목요일
2483,15:00,15:30,광개토관,428,금요일
2484,15:30,16:00,광개토관,428,금요일
2485,16:00,16:30,광개토관,428,금요일
2486,16:30,17:00,광개토관,428,금요일
2487,17:00,17:30,광개토관,428,금요일
2488,17:30,18:00,광개토관,428,금요일
2489,18:00,18:30,광개토관,428,금요일
2490,20:30,21:00,광개토관,428,금요일
2491,21:00,21:30,광개토관,428,금요일
2492,21:30,22:00,광개토관,428,금요일
2493,9:00,9:30,광개토관,616,월요일
2494,9:30,10:00,광개토관,616,월요일
2495,10:00,10:30,광개토관,616,월요일
2496,13:30,14:00,광개토관,616,월요일
2497,14:00,14:30,광개토관,616,월요일
2498,14:30,15:00,광개토관,616,월요일
2499,16:30,17:00,광개토관,616,월요일
2500,17:00,17:30,광개토관,616,월요일
2501,17:30,18:00,광개토관,616,월요일
2502,19:00,19:30,광개토관,616,월요일
2503,19:30,20:00,광개토관,616,월요일
2504,20:00,20:30,광개토관,616,월요일
2505,20:30,21:00,광개토관,616,월요일
2506,21:00,21:30,광개토관,616,월요일
2507,21:30,22:00,광개토관,616,월요일
2508,9:00,9:30,광개토관,616,화요일
2509,9:30,10:00,광개토관,616,화요일
2510,10:00,10:30,광개토관,616,화요일
2511,16:30,17:00,광개토관,616,화요일
2512,17:00,17:30,광개토관,616,화요일
2513,17:30,18:00,광개토관,616,화요일
2514,18:00,18:30,광개토관,616,화요일
2515,20:30,21:00,광개토관,616,화요일
2516,21:00,21:30,광개토관,616,화요일
2517,21:30,22:00,광개토관,616,화요일
2518,9:00,9:30,광개토관,616,수요일
2519,9:30,10:00,광개토관,616,수요일
2520,10:00,10:30,광개토관,616,수요일
2521,13:30,14:00,광개토관,616,수요일
2522,14:00,14:30,광개토관,616,수요일
2523,14:30,15:00,광개토관,616,수요일
2524,16:30,17:00,광개토관,616,수요일
2525,17:00,17:30,광개토관,616,수요일
2526,17:30,18:00,광개토관,616,수요일
2527,18:00,18:30,광개토관,616,수요일
2528,18:30,19:00,광개토관,616,수요일
2529,19:00,19:30,광개토관,616,수요일
2530,19:30,20:00,광개토관,616,수요일
2531,20:00,20:30,광개토관,616,수요일
2532,20:30,21:00,광개토관,616,수요일
2533,21:00,21:30,광개토관,616,수요일
2534,21:30,22:00,광개토관,616,수요일
2535,9:00,9:30,광개토관,616,목요일
2536,9:30,10:00,광개토관,616,목요일
2537,10:00,10:30,광개토관,616,목요일
2538,16:30,17:00,광개토관,616,목요일
2539,17:00,17:30,광개토관,616,목요일
2540,17:30,18:00,광개토관,616,목요일
2541,18:00,18:30,광개토관,616,목요일
2542,12:00,12:30,광개토관,616,금요일
2543,12:30,13:00,광개토관,616,금요일
2544,13:00,13:30,광개토관,616,금요일
2545,13:30,14:00,광개토관,616,금요일
2546,14:00,14:30,광개토관,616,금요일
2547,14:30,15:00,광개토관,616,금요일
2548,15:00,15:30,광개토관,616,금요일
2549,15:30,16:00,광개토관,616,금요일
2550,16:00,16:30,광개토관,616,금요일
2551,16:30,17:00,광개토관,616,금요일
2552,17:00,17:30,광개토관,616,금요일
2553,17:30,18:00,광개토관,616,금요일
2554,18:00,18:30,광개토관,616,금요일
2555,20:30,21:00,광개토관,616,금요일
2556,21:00,21:30,광개토관,616,금요일
2557,21:30,22:00,광개토관,616,금요일
2558,9:00,9:30,광개토관,617,월요일
2559,9:30,10:00,광개토관,617,월요일
2560,10:00,10:30,광개토관,617,월요일
2561,13:30,14:00,광개토관,617,월요일
2562,14:00,14:30,광개토관,617,월요일
2563,14:30,15:00,광개토관,617,월요일
2564,15:00,15:30,광개토관,617,월요일
2565,15:30,16:00,광개토관,617,월요일
2566,16:00,16:30,광개토관,617,월요일
2567,16:30,17:00,광개토관,617,월요일
2568,17:00,17:30,광개토관,617,월요일
2569,17:30,18:00,광개토관,617,월요일
2570,19:00,19:30,광개토관,617,월요일
2571,19:30,20:00,광개토관,617,월요일
2572,20:00,20:30,광개토관,617,월요일
2573,18:00,18:30,광개토관,617,화요일
2574,18:30,19:00,광개토관,617,화요일
2575,19:00,19:30,광개토관,617,화요일
2576,19:30,20:00,광개토관,617,화요일
2577,20:00,20:30,광개토관,617,화요일
2578,20:30,21:00,광개토관,617,화요일
2579,21:00,21:30,광개토관,617,화요일
2580,21:30,22:00,광개토관,617,화요일
2581,9:00,9:30,광개토관,617,수요일
2582,9:30,10:00,광개토관,617,수요일
2583,10:00,10:30,광개토관,617,수요일
2584,13:30,14:00,광개토관,617,수요일
2585,14:00,14:30,광개토관,617,수요일
2586,14:30,15:00,광개토관,617,수요일
2587,15:00,15:30,광개토관,617,수요일
2588,18:30,19:00,광개토관,617,수요일
2589,19:00,19:30,광개토관,617,수요일
2590,19:30,20:00,광개토관,617,수요일
2591,20:00,20:30,광개토관,617,수요일
2592,18:00,18:30,광개토관,617,목요일
2593,9:00,9:30,광개토관,617,금요일
2594,9:30,10:00,광개토관,617,금요일
2595,10:00,10:30,광개토관,617,금요일
2596,10:30,11:00,광개토관,617,금요일
2597,11:00,11:30,광개토관,617,금요일
2598,11:30,12:00,광개토관,617,금요일
2599,15:00,15:30,광개토관,617,금요일
2600,15:30,16:00,광개토관,617,금요일
2601,16:00,16:30,광개토관,617,금요일
2602,16:30,17:00,광개토관,617,금요일
2603,17:00,17:30,광개토관,617,금요일
2604,17:30,18:00,광개토관,617,금요일
2605,19:00,19:30,광개토관,617,금요일
2606,19:30,20:00,광개토관,617,금요일
2607,20:00,20:30,광개토관,617,금요일
2608,20:30,21:00,광개토관,617,금요일
2609,21:00,21:30,광개토관,617,금요일
2610,21:30,22:00,광개토관,617,금요일
2611,12:00,12:30,광개토관,719,월요일
2612,12:30,13:00,광개토관,719,월요일
2613,13:00,13:30,광개토관,719,월요일
2614,13:30,14:00,광개토관,719,월요일
2615,14:00,14:30,광개토관,719,월요일
2616,14:30,15:00,광개토관,719,월요일
2617,15:00,15:30,광개토관,719,월요일
2618,15:30,16:00,광개토관,719,월요일
2619,16:00,16:30,광개토관,719,월요일
2620,16:30,17:00,광개토관,719,월요일
2621,17:00,17:30,광개토관,719,월요일
2622,17:30,18:00,광개토관,719,월요일
2623,18:00,18:30,광개토관,719,월요일
2624,18:30,19:00,광개토관,719,월요일
2625,19:00,19:30,광개토관,719,월요일
2626,19:30,20:00,광개토관,719,월요일
2627,20:00,20:30,광개토관,719,월요일
2628,20:30,21:00,광개토관,719,월요일
2629,21:00,21:30,광개토관,719,월요일
2630,21:30,22:00,광개토관,719,월요일
2631,15:00,15:30,광개토관,719,화요일
2632,15:30,16:00,광개토관,719,화요일
2633,16:00,16:30,광개토관,719,화요일
2634,20:30,21:00,광개토관,719,화요일
2635,21:00,21:30,광개토관,719,화요일
2636,21:30,22:00,광개토관,719,화요일
2637,12:00,12:30,광개토관,719,수요일
2638,12:30,13:00,광개토관,719,수요일
2639,15:00,15:30,광개토관,719,수요일
2640,15:30,16:00,광개토관,719,수요일
2641,16:00,16:30,광개토관,719,수요일
2642,16:30,17:00,광개토관,719,수요일
2643,17:00,17:30,광개토관,719,수요일
2644,17:30,18:00,광개토관,719,수요일
2645,21:00,21:30,광개토관,719,수요일
2646,21:30,22:00,광개토관,719,수요일
2647,15:00,15:30,광개토관,719,목요일
2648,15:30,16:00,광개토관,719,목요일
2649,16:00,16:30,광개토관,719,목요일
2650,18:00,18:30,광개토관,719,목요일
2651,20:30,21:00,광개토관,719,목요일
2652,21:00,21:30,광개토관,719,목요일
2653,21:30,22:00,광개토관,719,목요일
2654,18:00,18:30,광개토관,719,금요일
2655,18:30,19:00,광개토관,719,금요일
2656,19:00,19:30,광개토관,719,금요일
2657,19:30,20:00,광개토관,719,금요일
2658,20:00,20:30,광개토관,719,금요일
2659,20:30,21:00,광개토관,719,금요일
2660,21:00,21:30,광개토관,719,금요일
2661,21:30,22:00,광개토관,719,금요일
2662,16:30,17:00,광개토관,720,월요일
2663,17:00,17:30,광개토관,720,월요일
2664,17:30,18:00,광개토관,720,월요일
2665,19:00,19:30,광개토관,720,월요일
2666,19:30,20:00,광개토관,720,월요일
2667,20:00,20:30,광개토관,720,월요일
2668,20:30,21:00,광개토관,720,월요일
2669,21:00,21:30,광개토관,720,월요일
2670,21:30,22:00,광개토관,720,월요일
2671,18:00,18:30,광개토관,720,화요일
2672,18:30,19:00,광개토관,720,화요일
2673,19:00,19:30,광개토관,720,화요일
2674,19:30,20:00,광개토관,720,화요일
2675,20:00,20:30,광개토관,720,화요일
2676,20:30,21:00,광개토관,720,화요일
2677,21:00,21:30,광개토관,720,화요일
2678,21:30,22:00,광개토관,720,화요일
2679,16:30,17:00,광개토관,720,수요일
2680,17:00,17:30,광개토관,720,수요일
2681,17:30,18:00,광개토관,720,수요일
2682,19:00,19:30,광개토관,720,수요일
2683,19:30,20:00,광개토관,720,수요일
2684,20:00,20:30,광개토관,720,수요일
2685,20:30,21:00,광개토관,720,수요일
2686,21:00,21:30,광개토관,720,수요일
2687,21:30,22:00,광개토관,720,수요일
2688,18:00,18:30,광개토관,720,목요일
2689,18:30,19:00,광개토관,720,목요일
2690,18:00,18:30,광개토관,720,금요일
2691,18:30,19:00,광개토관,720,금요일
2692,19:00,19:30,광개토관,720,금요일
2693,19:30,20:00,광개토관,720,금요일
2694,20:00,20:30,광개토관,720,금요일
2695,20:30,21:00,광개토관,720,금요일
2696,21:00,21:30,광개토관,720,금요일
2697,21:30,22:00,광개토관,720,금요일
2698,9:00,9:30,광개토관,801,월요일
2699,9:30,10:00,광개토관,801,월요일
2700,10:00,10:30,광개토관,801,월요일
2701,12:00,12:30,광개토관,801,월요일
2702,12:30,13:00,광개토관,801,월요일
2703,13:00,13:30,광개토관,801,월요일
2704,16:30,17:00,광개토관,801,월요일
2705,17:00,17:30,광개토관,801,월요일
2706,17:30,18:00,광개토관,801,월요일
2707,18:00,18:30,광개토관,801,월요일
2708,21:30,22:00,광개토관,801,월요일
2709,9:00,9:30,광개토관,801,화요일
2710,9:30,10:00,광개토관,801,화요일
2711,10:00,10:30,광개토관,801,화요일
2712,12:00,12:30,광개토관,801,화요일
2713,12:30,13:00,광개토관,801,화요일
2714,13:00,13:30,광개토관,801,화요일
2715,13:30,14:00,광개토관,801,화요일
2716,14:00,14:30,광개토관,801,화요일
2717,14:30,15:00,광개토관,801,화요일
2718,16:30,17:00,광개토관,801,화요일
2719,17:00,17:30,광개토관,801,화요일
2720,17:30,18:00,광개토관,801,화요일
2721,18:00,18:30,광개토관,801,화요일
2722,21:30,22:00,광개토관,801,화요일
2723,9:00,9:30,광개토관,801,수요일
2724,9:30,10:00,광개토관,801,수요일
2725,10:00,10:30,광개토관,801,수요일
2726,12:00,12:30,광개토관,801,수요일
2727,12:30,13:00,광개토관,801,수요일
2728,13:00,13:30,광개토관,801,수요일
2729,16:30,17:00,광개토관,801,수요일
2730,17:00,17:30,광개토관,801,수요일
2731,17:30,18:00,광개토관,801,수요일
2732,21:00,21:30,광개토관,801,수요일
2733,21:30,22:00,광개토관,801,수요일
2734,9:00,9:30,광개토관,801,목요일
2735,9:30,10:00,광개토관,801,목요일
2736,10:00,10:30,광개토관,801,목요일
2737,12:00,12:30,광개토관,801,목요일
2738,12:30,13:00,광개토관,801,목요일
2739,13:00,13:30,광개토관,801,목요일
2740,13:30,14:00,광개토관,801,목요일
2741,14:00,14:30,광개토관,801,목요일
2742,14:30,15:00,광개토관,801,목요일
2743,16:30,17:00,광개토관,801,목요일
2744,17:00,17:30,광개토관,801,목요일
2745,17:30,18:00,광개토관,801,목요일
2746,18:00,18:30,광개토관,801,목요일
2747,21:30,22:00,광개토관,801,목요일
2748,9:00,9:30,광개토관,801,금요일
2749,9:30,10:00,광개토관,801,금요일
2750,10:00,10:30,광개토관,801,금요일
2751,10:30,11:00,광개토관,801,금요일
2752,11:00,11:30,광개토관,801,금요일
2753,11:30,12:00,광개토관,801,금요일
2754,12:00,12:30,광개토관,801,금요일
2755,12:30,13:00,광개토관,801,금요일
2756,13:00,13:30,광개토관,801,금요일
2757,13:30,14:00,광개토관,801,금요일
2758,14:00,14:30,광개토관,801,금요일
2759,14:30,15:00,광개토관,801,금요일
2760,18:00,18:30,광개토관,801,금요일
2761,18:30,19:00,광개토관,801,금요일
2762,19:00,19:30,광개토관,801,금요일
2763,19:30,20:00,광개토관,801,금요일
2764,20:00,20:30,광개토관,801,금요일
2765,20:30,21:00,광개토관,801,금요일
2766,21:00,21:30,광개토관,801,금요일
2767,21:30,22:00,광개토관,801,금요일
2768,9:00,9:30,광개토관,802,월요일
2769,9:30,10:00,광개토관,802,월요일
2770,10:00,10:30,광개토관,802,월요일
2771,16:30,17:00,광개토관,802,월요일
2772,17:00,17:30,광개토관,802,월요일
2773,17:30,18:00,광개토관,802,월요일
2774,9:00,9:30,광개토관,802,화요일
2775,9:30,10:00,광개토관,802,화요일
2776,10:00,10:30,광개토관,802,화요일
2777,15:00,15:30,광개토관,802,화요일
2778,15:30,16:00,광개토관,802,화요일
2779,16:00,16:30,광개토관,802,화요일
2780,16:30,17:00,광개토관,802,화요일
2781,17:00,17:30,광개토관,802,화요일
2782,17:30,18:00,광개토관,802,화요일
2783,18:00,18:30,광개토관,802,화요일
2784,21:30,22:00,광개토관,802,화요일
2785,9:00,9:30,광개토관,802,수요일
2786,9:30,10:00,광개토관,802,수요일
2787,10:00,10:30,광개토관,802,수요일
2788,16:30,17:00,광개토관,802,수요일
2789,17:00,17:30,광개토관,802,수요일
2790,17:30,18:00,광개토관,802,수요일
2791,9:00,9:30,광개토관,802,목요일
2792,9:30,10:00,광개토관,802,목요일
2793,10:00,10:30,광개토관,802,목요일
2794,17:00,17:30,광개토관,802,목요일
2795,17:30,18:00,광개토관,802,목요일
2796,18:00,18:30,광개토관,802,목요일
2797,21:30,22:00,광개토관,802,목요일
2798,9:00,9:30,광개토관,802,금요일
2799,9:30,10:00,광개토관,802,금요일
2800,10:00,10:30,광개토관,802,금요일
2801,10:30,11:00,광개토관,802,금요일
2802,11:00,11:30,광개토관,802,금요일
2803,11:30,12:00,광개토관,802,금요일
2804,12:00,12:30,광개토관,802,금요일
2805,12:30,13:00,광개토관,802,금요일
2806,13:00,13:30,광개토관,802,금요일
2807,13:30,14:00,광개토관,802,금요일
2808,14:00,14:30,광개토관,802,금요일
2809,14:30,15:00,광개토관,802,금요일
2810,18:00,18:30,광개토관,802,금요일
2811,21:30,22:00,광개토관,802,금요일
